,molecule_chembl_id,SMILES,pIC50,ROMol,maccs,morgan,tanimoto_maccs,dice_maccs,tanimoto_morgan,dice_morgan
256,CHEMBL1202477,COc1cc2c(Nc3ccc(Br)cc3F)ncnc2cc1OCCCN1CCN(C)CC1.Cl,7.0,<rdkit.Chem.rdchem.Mol object at 0x748eca1b1460>,<rdkit.DataStructs.cDataStructs.ExplicitBitVect object at 0x748ec950ec00>,<rdkit.DataStructs.cDataStructs.ExplicitBitVect object at 0x748ec95c0f90>,0.8507462686567164,0.9193548387096774,0.5733333333333334,0.7288135593220338
585,CHEMBL138940,O=C(/C=C/C(=O)Nc1cc2c(Nc3ccc(F)c(Cl)c3)ncnc2cn1)NCCCN1CCOCC1,9.214670164989233,<rdkit.Chem.rdchem.Mol object at 0x748ec976c430>,<rdkit.DataStructs.cDataStructs.ExplicitBitVect object at 0x748ec9517a70>,<rdkit.DataStructs.cDataStructs.ExplicitBitVect object at 0x748ec95d31b0>,0.7323943661971831,0.8455284552845529,0.5609756097560976,0.71875
611,CHEMBL14699,COc1cc2ncnc(Nc3ccc(F)c(Cl)c3)c2cc1OCCN1CCOCC1,8.0,<rdkit.Chem.rdchem.Mol object at 0x748ec976cf90>,<rdkit.DataStructs.cDataStructs.ExplicitBitVect object at 0x748ec9518660>,<rdkit.DataStructs.cDataStructs.ExplicitBitVect object at 0x748ec95d4900>,1.0,1.0,0.9193548387096774,0.957983193277311
795,CHEMBL1744086,COc1cc2ncnc(Nc3ccc(F)c(Cl)c3)c2cc1OC[C@@H](O)CN1CCOCC1,7.022276394711152,<rdkit.Chem.rdchem.Mol object at 0x748ec97720a0>,<rdkit.DataStructs.cDataStructs.ExplicitBitVect object at 0x748ec951d770>,<rdkit.DataStructs.cDataStructs.ExplicitBitVect object at 0x748ec95deb20>,0.9230769230769231,0.96,0.7464788732394366,0.8548387096774194
797,CHEMBL1744347,COc1cc2c(Nc3ccc(Cl)cc3F)ncnc2cc1OCCCN1CCN(C)CC1.Cl,7.1249387366083,<rdkit.Chem.rdchem.Mol object at 0x748ec9772180>,<rdkit.DataStructs.cDataStructs.ExplicitBitVect object at 0x748ec951d850>,<rdkit.DataStructs.cDataStructs.ExplicitBitVect object at 0x748ec95dece0>,0.8636363636363636,0.926829268292683,0.6301369863013698,0.773109243697479
818,CHEMBL1788321,COc1cc2ncnc(Nc3ccc(F)c(Cl)c3)c2cc1OC[C@H](O)CN1CCOCC1,7.173925197299174,<rdkit.Chem.rdchem.Mol object at 0x748ec9772ab0>,<rdkit.DataStructs.cDataStructs.ExplicitBitVect object at 0x748ec951e180>,<rdkit.DataStructs.cDataStructs.ExplicitBitVect object at 0x748ec95dff40>,0.9230769230769231,0.96,0.7464788732394366,0.8548387096774194
1185,CHEMBL2018753,CCCOC(=O)Nc1ccc(Nc2ncnc3cc(OC)c(OC)cc23)cc1Cl,6.0,<rdkit.Chem.rdchem.Mol object at 0x748ec977ccf0>,<rdkit.DataStructs.cDataStructs.ExplicitBitVect object at 0x748ec95283c0>,<rdkit.DataStructs.cDataStructs.ExplicitBitVect object at 0x748ec95f43c0>,0.6351351351351351,0.7768595041322314,0.5135135135135135,0.6785714285714286
1186,CHEMBL2018754,CCCCOC(=O)Nc1ccc(Nc2ncnc3cc(OC)c(OC)cc23)cc1Cl,5.193820026016113,<rdkit.Chem.rdchem.Mol object at 0x748ec977cd60>,<rdkit.DataStructs.cDataStructs.ExplicitBitVect object at 0x748ec9528430>,<rdkit.DataStructs.cDataStructs.ExplicitBitVect object at 0x748ec95f44a0>,0.6266666666666667,0.7704918032786885,0.52,0.6842105263157895
1195,CHEMBL2018765,CCN(CC)CCOc1cc2ncnc(Nc3ccc(F)c(Cl)c3)c2cc1OC,5.004364805402451,<rdkit.Chem.rdchem.Mol object at 0x748ec977d150>,<rdkit.DataStructs.cDataStructs.ExplicitBitVect object at 0x748ec9528820>,<rdkit.DataStructs.cDataStructs.ExplicitBitVect object at 0x748ec95f4c80>,0.8615384615384616,0.9256198347107438,0.6521739130434783,0.7894736842105263
1209,CHEMBL202556,O=C(C#CCN1CCOCC1)Nc1cc2c(Nc3ccc(F)c(Cl)c3)ncnc2cn1,8.508638306165727,<rdkit.Chem.rdchem.Mol object at 0x748ec977d770>,<rdkit.DataStructs.cDataStructs.ExplicitBitVect object at 0x748ec9528e40>,<rdkit.DataStructs.cDataStructs.ExplicitBitVect object at 0x748ec95f58c0>,0.75,0.8571428571428571,0.5185185185185185,0.6829268292682927
1210,CHEMBL202621,O=C(C#CCN1CCOCC1)Nc1ccc2ncnc(Nc3ccc(F)c(Cl)c3)c2c1,7.0655015487564325,<rdkit.Chem.rdchem.Mol object at 0x748ec977d7e0>,<rdkit.DataStructs.cDataStructs.ExplicitBitVect object at 0x748ec9528eb0>,<rdkit.DataStructs.cDataStructs.ExplicitBitVect object at 0x748ec95f59a0>,0.746268656716418,0.8547008547008547,0.5316455696202531,0.6942148760330579
1211,CHEMBL202721,COc1cc2c(Nc3ccc(NC(=O)c4ccccc4)cc3)ncnc2cc1OCCCN1CCOCC1,6.958607314841775,<rdkit.Chem.rdchem.Mol object at 0x748ec977d850>,<rdkit.DataStructs.cDataStructs.ExplicitBitVect object at 0x748ec9528f20>,<rdkit.DataStructs.cDataStructs.ExplicitBitVect object at 0x748ec95f5a80>,0.8333333333333334,0.9090909090909091,0.6533333333333333,0.7903225806451613
1249,CHEMBL2031304,CCOc1cc2ncnc(Nc3ccc(F)c(Cl)c3)c2cc1NC(=O)CCN1CCCCC1,9.292429823902063,<rdkit.Chem.rdchem.Mol object at 0x748ec977e8f0>,<rdkit.DataStructs.cDataStructs.ExplicitBitVect object at 0x748ec9529fc0>,<rdkit.DataStructs.cDataStructs.ExplicitBitVect object at 0x748ec95f7bc0>,0.8115942028985508,0.896,0.524390243902439,0.688
1250,CHEMBL2031305,CCOc1cc2ncnc(Nc3ccc(F)c(Cl)c3)c2cc1NC(=O)CCN1CCOCC1,9.537602002101044,<rdkit.Chem.rdchem.Mol object at 0x748ec977e960>,<rdkit.DataStructs.cDataStructs.ExplicitBitVect object at 0x748ec952a030>,<rdkit.DataStructs.cDataStructs.ExplicitBitVect object at 0x748ec95f7ca0>,0.8405797101449275,0.9133858267716536,0.6282051282051282,0.7716535433070866
1272,CHEMBL203661,O=C(C#CCCN1CCOCC1)Nc1cc2c(Nc3ccc(F)c(Cl)c3)ncnc2cn1,8.886056647693163,<rdkit.Chem.rdchem.Mol object at 0x748ec977f300>,<rdkit.DataStructs.cDataStructs.ExplicitBitVect object at 0x748ec952a960>,<rdkit.DataStructs.cDataStructs.ExplicitBitVect object at 0x748ec95f9070>,0.75,0.8571428571428571,0.5432098765432098,0.704
1275,CHEMBL204085,O=C(C#CCCN1CCOCC1)Nc1ccc2ncnc(Nc3ccc(F)c(Cl)c3)c2c1,8.769551078621726,<rdkit.Chem.rdchem.Mol object at 0x748ec977f450>,<rdkit.DataStructs.cDataStructs.ExplicitBitVect object at 0x748ec952aab0>,<rdkit.DataStructs.cDataStructs.ExplicitBitVect object at 0x748ec95f9310>,0.746268656716418,0.8547008547008547,0.5569620253164557,0.7154471544715447
1341,CHEMBL205776,CN1CCN(CCCOc2cc(OC3CCOCC3)c3c(Nc4ccc(F)c(Cl)c4)ncnc3c2)CC1,7.180456064458132,<rdkit.Chem.rdchem.Mol object at 0x748ec97811c0>,<rdkit.DataStructs.cDataStructs.ExplicitBitVect object at 0x748ec952c820>,<rdkit.DataStructs.cDataStructs.ExplicitBitVect object at 0x748ec93fcd60>,0.90625,0.9508196721311475,0.5609756097560976,0.71875
1352,CHEMBL2064372,O=c1oc2cc3ncnc(Nc4ccc(F)c(Cl)c4)c3cc2n1CCCN1CCOCC1,7.10790539730952,<rdkit.Chem.rdchem.Mol object at 0x748ec9781690>,<rdkit.DataStructs.cDataStructs.ExplicitBitVect object at 0x748ec952ccf0>,<rdkit.DataStructs.cDataStructs.ExplicitBitVect object at 0x748ec93fd700>,0.8235294117647058,0.9032258064516129,0.618421052631579,0.7642276422764228
1363,CHEMBL2064389,O=c1oc2cc3ncnc(Nc4ccc(F)c(F)c4)c3cc2n1CCCN1CCOCC1,6.2441251443275085,<rdkit.Chem.rdchem.Mol object at 0x748ec9781b60>,<rdkit.DataStructs.cDataStructs.ExplicitBitVect object at 0x748ec952d1c0>,<rdkit.DataStructs.cDataStructs.ExplicitBitVect object at 0x748ec93fe0a0>,0.8088235294117647,0.8943089430894309,0.5189873417721519,0.6833333333333333
1369,CHEMBL2064395,O=c1oc2cc3ncnc(Nc4ccc(OCc5ccc(Cl)cc5)c(Cl)c4)c3cc2n1CCCN1CCOCC1,7.214670164989233,<rdkit.Chem.rdchem.Mol object at 0x748ec9781e00>,<rdkit.DataStructs.cDataStructs.ExplicitBitVect object at 0x748ec952d460>,<rdkit.DataStructs.cDataStructs.ExplicitBitVect object at 0x748ec93fe5e0>,0.8115942028985508,0.896,0.5116279069767442,0.676923076923077
1380,CHEMBL206955,COc1cc2ncnc(Nc3ccc(F)c(Cl)c3)c2cc1CN1CCC[C@@H]1C(N)=O,8.221848749616356,<rdkit.Chem.rdchem.Mol object at 0x748ec97822d0>,<rdkit.DataStructs.cDataStructs.ExplicitBitVect object at 0x748ec952d930>,<rdkit.DataStructs.cDataStructs.ExplicitBitVect object at 0x748ec93fef80>,0.7638888888888888,0.8661417322834646,0.5180722891566265,0.6825396825396826
1425,CHEMBL2087360,Fc1ccc(Nc2ncnc3cc4c(cc23)OCCOCCOCCO4)cc1Cl,8.698970004336019,<rdkit.Chem.rdchem.Mol object at 0x748ec9783680>,<rdkit.DataStructs.cDataStructs.ExplicitBitVect object at 0x748ec952ece0>,<rdkit.DataStructs.cDataStructs.ExplicitBitVect object at 0x748ec9401770>,0.7704918032786885,0.8703703703703703,0.5441176470588235,0.7047619047619048
1436,CHEMBL2105719,COc1cc2ncnc(Nc3ccc(F)c(Cl)c3)c2cc1NC(=O)/C=C/CN1CCCCC1.O,8.221848749616356,<rdkit.Chem.rdchem.Mol object at 0x748ec9783b50>,<rdkit.DataStructs.cDataStructs.ExplicitBitVect object at 0x748ec952f1b0>,<rdkit.DataStructs.cDataStructs.ExplicitBitVect object at 0x748ec9402110>,0.8115942028985508,0.896,0.5238095238095238,0.6875
1442,CHEMBL2110732,COc1cc2ncnc(Nc3ccc(F)c(Cl)c3)c2cc1NC(=O)/C=C/CN1CCCCC1,7.958607314841775,<rdkit.Chem.rdchem.Mol object at 0x748ec9783df0>,<rdkit.DataStructs.cDataStructs.ExplicitBitVect object at 0x748ec952f450>,<rdkit.DataStructs.cDataStructs.ExplicitBitVect object at 0x748ec9402650>,0.8208955223880597,0.9016393442622951,0.5301204819277109,0.6929133858267716
1478,CHEMBL215786,COc1cc2ncnc(Nc3ccc(F)c(Cl)c3)c2cc1OCC1CCN(C)CC1,8.522878745280337,<rdkit.Chem.rdchem.Mol object at 0x748ec9784e40>,<rdkit.DataStructs.cDataStructs.ExplicitBitVect object at 0x748ec95304a0>,<rdkit.DataStructs.cDataStructs.ExplicitBitVect object at 0x748ec9404660>,0.8888888888888888,0.9411764705882353,0.6619718309859155,0.7966101694915254
1585,CHEMBL2333999,COc1cc2ncnc(Nc3ccc(F)c(Cl)c3)c2cc1OCCBr,7.742321425130815,<rdkit.Chem.rdchem.Mol object at 0x748ec9787d10>,<rdkit.DataStructs.cDataStructs.ExplicitBitVect object at 0x748ec9533370>,<rdkit.DataStructs.cDataStructs.ExplicitBitVect object at 0x748ec940a490>,0.7868852459016393,0.8807339449541285,0.6923076923076923,0.8181818181818182
1586,CHEMBL2334001,COc1cc2ncnc(Nc3ccc(F)c(Cl)c3)c2cc1OCCO,7.197910742118268,<rdkit.Chem.rdchem.Mol object at 0x748ec9787d80>,<rdkit.DataStructs.cDataStructs.ExplicitBitVect object at 0x748ec95333e0>,<rdkit.DataStructs.cDataStructs.ExplicitBitVect object at 0x748ec940a570>,0.765625,0.8672566371681416,0.6923076923076923,0.8181818181818182
1587,CHEMBL2334002,COc1cc2ncnc(Nc3ccc(F)c(Cl)c3)c2cc1OCCNCCN,7.91721462968355,<rdkit.Chem.rdchem.Mol object at 0x748ec9787df0>,<rdkit.DataStructs.cDataStructs.ExplicitBitVect object at 0x748ec9533450>,<rdkit.DataStructs.cDataStructs.ExplicitBitVect object at 0x748ec940a650>,0.8059701492537313,0.8925619834710744,0.6764705882352942,0.8070175438596491
1588,CHEMBL2334003,COc1cc2ncnc(Nc3ccc(F)c(Cl)c3)c2cc1OCCCNCCN,7.866461091629782,<rdkit.Chem.rdchem.Mol object at 0x748ec9787e60>,<rdkit.DataStructs.cDataStructs.ExplicitBitVect object at 0x748ec95334c0>,<rdkit.DataStructs.cDataStructs.ExplicitBitVect object at 0x748ec940a730>,0.7794117647058824,0.8760330578512396,0.6764705882352942,0.8070175438596491
1693,CHEMBL24137,COc1cc2c(Nc3ccc(Cl)cc3F)ncnc2cc1OCCCN1CCOCC1,7.0,<rdkit.Chem.rdchem.Mol object at 0x748ec978ace0>,<rdkit.DataStructs.cDataStructs.ExplicitBitVect object at 0x748ec9536340>,<rdkit.DataStructs.cDataStructs.ExplicitBitVect object at 0x748ec9410430>,1.0,1.0,0.7647058823529411,0.8666666666666667
1701,CHEMBL2424664,COc1cc2ncnc(Nc3ccc(F)c(Cl)c3)c2cc1OCCN1CC2(C1)CS(=O)(=O)C2,6.801342913045577,<rdkit.Chem.rdchem.Mol object at 0x748ec978b060>,<rdkit.DataStructs.cDataStructs.ExplicitBitVect object at 0x748ec95366c0>,<rdkit.DataStructs.cDataStructs.ExplicitBitVect object at 0x748ec9410b30>,0.7564102564102564,0.8613138686131386,0.6533333333333333,0.7903225806451613
1710,CHEMBL2425083,COc1cc2ncnc(Nc3ccc(F)c(Cl)c3)c2cc1OCCCN1CC2(C1)CS(=O)(=O)C2,7.619788758288394,<rdkit.Chem.rdchem.Mol object at 0x748ec978b450>,<rdkit.DataStructs.cDataStructs.ExplicitBitVect object at 0x748ec9536ab0>,<rdkit.DataStructs.cDataStructs.ExplicitBitVect object at 0x748ec9411310>,0.7435897435897436,0.8529411764705882,0.7123287671232876,0.832
1711,CHEMBL2425084,COc1cc2ncnc(Nc3ccc(F)c(Cl)c3)c2cc1OCCCN1CC(O)C1,7.602059991327962,<rdkit.Chem.rdchem.Mol object at 0x748ec978b4c0>,<rdkit.DataStructs.cDataStructs.ExplicitBitVect object at 0x748ec9536b20>,<rdkit.DataStructs.cDataStructs.ExplicitBitVect object at 0x748ec94113f0>,0.8939393939393939,0.944,0.7647058823529411,0.8666666666666667
1712,CHEMBL2425085,COc1cc2ncnc(Nc3ccc(F)c(Cl)c3)c2cc1OCCCN1CC(OC)C1,7.468521082957745,<rdkit.Chem.rdchem.Mol object at 0x748ec978b530>,<rdkit.DataStructs.cDataStructs.ExplicitBitVect object at 0x748ec9536b90>,<rdkit.DataStructs.cDataStructs.ExplicitBitVect object at 0x748ec94114d0>,0.921875,0.959349593495935,0.7647058823529411,0.8666666666666667
1713,CHEMBL2425086,COc1cc2ncnc(Nc3ccc(F)c(Cl)c3)c2cc1OCCCN1CCC2(COC2)C1,7.823908740944319,<rdkit.Chem.rdchem.Mol object at 0x748ec978b5a0>,<rdkit.DataStructs.cDataStructs.ExplicitBitVect object at 0x748ec9536c00>,<rdkit.DataStructs.cDataStructs.ExplicitBitVect object at 0x748ec94115b0>,0.8939393939393939,0.944,0.7638888888888888,0.8661417322834646
1714,CHEMBL2425087,COc1cc2ncnc(Nc3ccc(F)c(Cl)c3)c2cc1OCCN1CC2(COC2)C1,7.795880017344075,<rdkit.Chem.rdchem.Mol object at 0x748ec978b610>,<rdkit.DataStructs.cDataStructs.ExplicitBitVect object at 0x748ec9536c70>,<rdkit.DataStructs.cDataStructs.ExplicitBitVect object at 0x748ec9411690>,0.9375,0.967741935483871,0.7183098591549296,0.8360655737704918
1715,CHEMBL2425088,COc1cc2ncnc(Nc3ccc(F)c(Cl)c3)c2cc1OCCN1CC2(CCO2)C1,6.721246399047171,<rdkit.Chem.rdchem.Mol object at 0x748ec978b680>,<rdkit.DataStructs.cDataStructs.ExplicitBitVect object at 0x748ec9536ce0>,<rdkit.DataStructs.cDataStructs.ExplicitBitVect object at 0x748ec9411770>,0.9375,0.967741935483871,0.7083333333333334,0.8292682926829268
1716,CHEMBL2425089,COc1cc2ncnc(Nc3ccc(F)c(Cl)c3)c2cc1OCCN1CC2(CSC2)C1,7.2839966563652,<rdkit.Chem.rdchem.Mol object at 0x748ec978b6f0>,<rdkit.DataStructs.cDataStructs.ExplicitBitVect object at 0x748ec9536d50>,<rdkit.DataStructs.cDataStructs.ExplicitBitVect object at 0x748ec9411850>,0.8787878787878788,0.9354838709677419,0.6712328767123288,0.8032786885245902
1717,CHEMBL2425090,COc1cc2ncnc(Nc3ccc(F)c(Cl)c3)c2cc1OCCN1CC(O)C1,7.585026652029182,<rdkit.Chem.rdchem.Mol object at 0x748ec978b760>,<rdkit.DataStructs.cDataStructs.ExplicitBitVect object at 0x748ec9536dc0>,<rdkit.DataStructs.cDataStructs.ExplicitBitVect object at 0x748ec9411930>,0.8939393939393939,0.944,0.7,0.8235294117647058
1718,CHEMBL2425091,COc1cc2ncnc(Nc3ccc(F)c(Cl)c3)c2cc1OCCN1CC(OC)C1,7.026872146400302,<rdkit.Chem.rdchem.Mol object at 0x748ec978b7d0>,<rdkit.DataStructs.cDataStructs.ExplicitBitVect object at 0x748ec9536e30>,<rdkit.DataStructs.cDataStructs.ExplicitBitVect object at 0x748ec9411a10>,0.921875,0.959349593495935,0.7,0.8235294117647058
1719,CHEMBL2425092,COc1cc2ncnc(Nc3ccc(F)c(Cl)c3)c2cc1OCCCN1CC2(COC2)C1,7.251811972993799,<rdkit.Chem.rdchem.Mol object at 0x748ec978b840>,<rdkit.DataStructs.cDataStructs.ExplicitBitVect object at 0x748ec9536ea0>,<rdkit.DataStructs.cDataStructs.ExplicitBitVect object at 0x748ec9411af0>,0.921875,0.959349593495935,0.782608695652174,0.8780487804878049
1720,CHEMBL2425093,COc1cc2ncnc(Nc3ccc(F)c(Cl)c3)c2cc1OCCCN1CC2(CCO2)C1,7.443697499232713,<rdkit.Chem.rdchem.Mol object at 0x748ec978b8b0>,<rdkit.DataStructs.cDataStructs.ExplicitBitVect object at 0x748ec9536f10>,<rdkit.DataStructs.cDataStructs.ExplicitBitVect object at 0x748ec9411bd0>,0.9375,0.967741935483871,0.7714285714285715,0.8709677419354839
1721,CHEMBL2425094,COc1cc2ncnc(Nc3ccc(F)c(Cl)c3)c2cc1OCCCN1CC2(CSC2)C1,7.318758762624412,<rdkit.Chem.rdchem.Mol object at 0x748ec978b920>,<rdkit.DataStructs.cDataStructs.ExplicitBitVect object at 0x748ec9536f80>,<rdkit.DataStructs.cDataStructs.ExplicitBitVect object at 0x748ec9411cb0>,0.8636363636363636,0.926829268292683,0.7323943661971831,0.8455284552845529
1778,CHEMBL2441561,O=C(/C=C/CN1CCOCC1)N1CCOc2cc3ncnc(Nc4ccc(F)c(Cl)c4)c3cc21,6.835647144215564,<rdkit.Chem.rdchem.Mol object at 0x748ec978d2a0>,<rdkit.DataStructs.cDataStructs.ExplicitBitVect object at 0x748ec9538900>,<rdkit.DataStructs.cDataStructs.ExplicitBitVect object at 0x748ec9414f20>,0.8307692307692308,0.907563025210084,0.5058823529411764,0.671875
1793,CHEMBL2448067,COc1cc2c(Nc3ccc(Cl)cc3F)ncnc2cc1OCCCN1CCCC1.Cl,7.0,<rdkit.Chem.rdchem.Mol object at 0x748ec978d930>,<rdkit.DataStructs.cDataStructs.ExplicitBitVect object at 0x748ec9538f90>,<rdkit.DataStructs.cDataStructs.ExplicitBitVect object at 0x748ec9415c40>,0.890625,0.9421487603305785,0.6388888888888888,0.7796610169491526
1875,CHEMBL251498,Fc1ccc(Nc2ncnc3ccc(C#CCN4CCOCC4)cc23)cc1Cl,7.298432014944073,<rdkit.Chem.rdchem.Mol object at 0x748ec978fd10>,<rdkit.DataStructs.cDataStructs.ExplicitBitVect object at 0x748ec953b370>,<rdkit.DataStructs.cDataStructs.ExplicitBitVect object at 0x748ec941a490>,0.8032786885245902,0.8909090909090909,0.589041095890411,0.7413793103448276
1880,CHEMBL25425,COc1cc2c(Nc3ccc(Cl)cc3F)ncnc2cc1OCCC1CCN(C)CC1,6.522878745280337,<rdkit.Chem.rdchem.Mol object at 0x748ec978ff40>,<rdkit.DataStructs.cDataStructs.ExplicitBitVect object at 0x748ec953b5a0>,<rdkit.DataStructs.cDataStructs.ExplicitBitVect object at 0x748ec941a8f0>,0.9047619047619048,0.95,0.5189873417721519,0.6833333333333333
1894,CHEMBL25610,COc1cc2c(Nc3ccc(Cl)cc3F)ncnc2cc1OCCN1CCOCC1,6.3979400086720375,<rdkit.Chem.rdchem.Mol object at 0x748ec97905f0>,<rdkit.DataStructs.cDataStructs.ExplicitBitVect object at 0x748ec953bbc0>,<rdkit.DataStructs.cDataStructs.ExplicitBitVect object at 0x748ec941b530>,1.0,1.0,0.7,0.8235294117647058
1967,CHEMBL276154,COc1cc2ncnc(Nc3ccc(F)c(Cl)c3)c2cc1OC1CCN(C)CC1,8.0,<rdkit.Chem.rdchem.Mol object at 0x748ec97925e0>,<rdkit.DataStructs.cDataStructs.ExplicitBitVect object at 0x748ec953dc40>,<rdkit.DataStructs.cDataStructs.ExplicitBitVect object at 0x748ec941f5a0>,0.873015873015873,0.9322033898305084,0.6338028169014085,0.7758620689655172
1968,CHEMBL27685,C=CC(=O)Nc1cc2c(Nc3ccc(F)c(Br)c3)ncnc2cc1OCCCN1CCOCC1,8.744727494896694,<rdkit.Chem.rdchem.Mol object at 0x748ec9792650>,<rdkit.DataStructs.cDataStructs.ExplicitBitVect object at 0x748ec953dcb0>,<rdkit.DataStructs.cDataStructs.ExplicitBitVect object at 0x748ec941f680>,0.8115942028985508,0.896,0.573170731707317,0.7286821705426356
1969,CHEMBL27688,C=CC(=O)Nc1cc2c(Nc3cccc(C)c3)ncnc2cc1OCCCN1CCOCC1,8.823908740944319,<rdkit.Chem.rdchem.Mol object at 0x748ec97926c0>,<rdkit.DataStructs.cDataStructs.ExplicitBitVect object at 0x748ec953dd20>,<rdkit.DataStructs.cDataStructs.ExplicitBitVect object at 0x748ec941f760>,0.7794117647058824,0.8760330578512396,0.5119047619047619,0.6771653543307087
1985,CHEMBL283088,COc1cc2c(Nc3ccc(Cl)cc3F)ncnc2cc1OCCN1CCN(C)CC1,6.698970004336019,<rdkit.Chem.rdchem.Mol object at 0x748ec9792dc0>,<rdkit.DataStructs.cDataStructs.ExplicitBitVect object at 0x748ec953e420>,<rdkit.DataStructs.cDataStructs.ExplicitBitVect object at 0x748ec94205f0>,0.90625,0.9508196721311475,0.581081081081081,0.7350427350427351
1989,CHEMBL284326,C=CC(=O)Nc1nc2c(Nc3ccc(F)c(Cl)c3)ncnc2cc1OCCCN1CCN(C)CC1,8.18045606445813,<rdkit.Chem.rdchem.Mol object at 0x748ec9792f80>,<rdkit.DataStructs.cDataStructs.ExplicitBitVect object at 0x748ec953e5e0>,<rdkit.DataStructs.cDataStructs.ExplicitBitVect object at 0x748ec9420970>,0.8028169014084507,0.890625,0.5238095238095238,0.6875
1991,CHEMBL286160,COCCOc1cc2ncnc(Nc3ccc(Cl)cc3F)c2cc1OC,7.0,<rdkit.Chem.rdchem.Mol object at 0x748ec9793060>,<rdkit.DataStructs.cDataStructs.ExplicitBitVect object at 0x748ec953e6c0>,<rdkit.DataStructs.cDataStructs.ExplicitBitVect object at 0x748ec9420b30>,0.7936507936507936,0.8849557522123894,0.5138888888888888,0.6788990825688074
2007,CHEMBL291514,COc1cc2ncnc(Nc3ccc(F)c(Cl)c3)c2cc1OCCCN1CCCCC1,7.102372908709559,<rdkit.Chem.rdchem.Mol object at 0x748ec9793760>,<rdkit.DataStructs.cDataStructs.ExplicitBitVect object at 0x748ec953edc0>,<rdkit.DataStructs.cDataStructs.ExplicitBitVect object at 0x748ec9421930>,0.95,0.9743589743589743,0.84375,0.9152542372881356
2014,CHEMBL293064,CCN(CC)CCOc1cc2c(Nc3ccc(F)c(Cl)c3)ncnc2cc1OC,7.031517051446065,<rdkit.Chem.rdchem.Mol object at 0x748ec9793a70>,<rdkit.DataStructs.cDataStructs.ExplicitBitVect object at 0x748ec953f0d0>,<rdkit.DataStructs.cDataStructs.ExplicitBitVect object at 0x748ec9421f50>,0.8615384615384616,0.9256198347107438,0.6521739130434783,0.7894736842105263
2015,CHEMBL293090,CNCCOc1cc2c(Nc3ccc(F)c(Cl)c3)ncnc2cc1OC,8.096910013008056,<rdkit.Chem.rdchem.Mol object at 0x748ec9793ae0>,<rdkit.DataStructs.cDataStructs.ExplicitBitVect object at 0x748ec953f140>,<rdkit.DataStructs.cDataStructs.ExplicitBitVect object at 0x748ec9422030>,0.7878787878787878,0.8813559322033898,0.6818181818181818,0.8108108108108109
2026,CHEMBL294034,COc1cc2ncnc(Nc3ccc(F)c(Cl)c3)c2cc1OCCn1ccnc1,7.180456064458132,<rdkit.Chem.rdchem.Mol object at 0x748ec9794040>,<rdkit.DataStructs.cDataStructs.ExplicitBitVect object at 0x748ec953f610>,<rdkit.DataStructs.cDataStructs.ExplicitBitVect object at 0x748ec94229d0>,0.873015873015873,0.9322033898305084,0.6619718309859155,0.7966101694915254
2028,CHEMBL294395,COCCN(CCOC)CCOc1cc2c(Nc3ccc(F)c(Cl)c3)ncnc2cc1OC,7.214670164989233,<rdkit.Chem.rdchem.Mol object at 0x748ec9794120>,<rdkit.DataStructs.cDataStructs.ExplicitBitVect object at 0x748ec953f6f0>,<rdkit.DataStructs.cDataStructs.ExplicitBitVect object at 0x748ec9422b90>,0.8923076923076924,0.943089430894309,0.6521739130434783,0.7894736842105263
2043,CHEMBL299672,COc1cc2ncnc(Nc3ccc(F)c(Cl)c3)c2cc1OCCCN1CCCC1,7.148741651280925,<rdkit.Chem.rdchem.Mol object at 0x748ec97947b0>,<rdkit.DataStructs.cDataStructs.ExplicitBitVect object at 0x748ec953fd80>,<rdkit.DataStructs.cDataStructs.ExplicitBitVect object at 0x748ec94238b0>,0.9193548387096774,0.957983193277311,0.8571428571428571,0.9230769230769231
2045,CHEMBL299893,COc1cc2ncnc(Nc3ccc(F)c(Cl)c3)c2cc1OCC(O)CN(CCO)CCO,8.301029995663981,<rdkit.Chem.rdchem.Mol object at 0x748ec9794890>,<rdkit.DataStructs.cDataStructs.ExplicitBitVect object at 0x748ec953fe60>,<rdkit.DataStructs.cDataStructs.ExplicitBitVect object at 0x748ec9423a70>,0.8787878787878788,0.9354838709677419,0.5584415584415584,0.7166666666666667
2047,CHEMBL300791,COc1cc2ncnc(Nc3ccc(F)c(Cl)c3)c2cc1OCCN1CCN(C)CC1,8.0,<rdkit.Chem.rdchem.Mol object at 0x748ec9794970>,<rdkit.DataStructs.cDataStructs.ExplicitBitVect object at 0x748ec953ff40>,<rdkit.DataStructs.cDataStructs.ExplicitBitVect object at 0x748ec9423c30>,0.90625,0.9508196721311475,0.7727272727272727,0.8717948717948718
2048,CHEMBL301018,COc1cc2ncnc(Nc3ccc(F)c(Cl)c3)c2cc1OC,8.045757490560675,<rdkit.Chem.rdchem.Mol object at 0x748ec97949e0>,<rdkit.DataStructs.cDataStructs.ExplicitBitVect object at 0x748ec9540040>,<rdkit.DataStructs.cDataStructs.ExplicitBitVect object at 0x748ec9423d10>,0.6721311475409836,0.803921568627451,0.6833333333333333,0.8118811881188119
2148,CHEMBL3092310,O=C(NCCN1CCOCC1)Nc1cc2c(Nc3ccc(F)c(Cl)c3)ncnc2cc1O[C@H]1CCOC1,7.086186147616283,<rdkit.Chem.rdchem.Mol object at 0x748ec97975a0>,<rdkit.DataStructs.cDataStructs.ExplicitBitVect object at 0x748ec9542c00>,<rdkit.DataStructs.cDataStructs.ExplicitBitVect object at 0x748ec94295b0>,0.7631578947368421,0.8656716417910447,0.5517241379310345,0.7111111111111111
2211,CHEMBL3133751,COc1cc2ncnc(Nc3ccc(NC(=O)Nc4ccc(Cl)c(C(F)(F)F)c4)cc3)c2cc1OCCCN1CCOCC1,6.54515513999149,<rdkit.Chem.rdchem.Mol object at 0x748ec9799150>,<rdkit.DataStructs.cDataStructs.ExplicitBitVect object at 0x748ec9544820>,<rdkit.DataStructs.cDataStructs.ExplicitBitVect object at 0x748ec942cd60>,0.8695652173913043,0.9302325581395349,0.6708860759493671,0.803030303030303
2212,CHEMBL3133752,COc1cc2ncnc(Nc3cccc(NC(=O)Nc4ccc(Cl)c(C(F)(F)F)c4)c3)c2cc1OCCCN1CCOCC1,7.086186147616283,<rdkit.Chem.rdchem.Mol object at 0x748ec97991c0>,<rdkit.DataStructs.cDataStructs.ExplicitBitVect object at 0x748ec9544890>,<rdkit.DataStructs.cDataStructs.ExplicitBitVect object at 0x748ec942ce40>,0.8571428571428571,0.9230769230769231,0.6666666666666666,0.8
2213,CHEMBL3133754,COc1cc2ncnc(Nc3cccc(NC(=O)Nc4cccc(C)c4)c3)c2cc1OCCCN1CCOCC1,5.628932137728264,<rdkit.Chem.rdchem.Mol object at 0x748ec9799230>,<rdkit.DataStructs.cDataStructs.ExplicitBitVect object at 0x748ec9544900>,<rdkit.DataStructs.cDataStructs.ExplicitBitVect object at 0x748ec942cf20>,0.7857142857142857,0.88,0.6363636363636364,0.7777777777777778
2214,CHEMBL3133755,O=C(Nc1cccc(Nc2ncnc3cc(OCCCN4CCOCC4)ccc23)c1)Nc1ccc(F)c(Cl)c1,5.479516467259209,<rdkit.Chem.rdchem.Mol object at 0x748ec97992a0>,<rdkit.DataStructs.cDataStructs.ExplicitBitVect object at 0x748ec9544970>,<rdkit.DataStructs.cDataStructs.ExplicitBitVect object at 0x748ec942d000>,0.8382352941176471,0.912,0.620253164556962,0.765625
2237,CHEMBL31630,C=CC(=O)N(C)c1nc2c(Nc3ccc(F)c(Cl)c3)ncnc2cc1OCCCN1CCOCC1,7.698970004336019,<rdkit.Chem.rdchem.Mol object at 0x748ec9799cb0>,<rdkit.DataStructs.cDataStructs.ExplicitBitVect object at 0x748ec9545380>,<rdkit.DataStructs.cDataStructs.ExplicitBitVect object at 0x748ec942e420>,0.8805970149253731,0.9365079365079365,0.6024096385542169,0.7518796992481203
2238,CHEMBL31656,C=CC(=O)Nc1nc2c(Nc3ccc(F)c(Cl)c3)ncnc2cc1OCCCN1CCOCC1,8.823908740944319,<rdkit.Chem.rdchem.Mol object at 0x748ec9799d20>,<rdkit.DataStructs.cDataStructs.ExplicitBitVect object at 0x748ec95453f0>,<rdkit.DataStructs.cDataStructs.ExplicitBitVect object at 0x748ec942e500>,0.8260869565217391,0.9047619047619048,0.6125,0.7596899224806202
2247,CHEMBL31965,C=CC(=O)Nc1cc2c(Nc3ccc(F)c(Cl)c3)ncnc2cc1OCCCN1CCOCC1,7.130768280269024,<rdkit.Chem.rdchem.Mol object at 0x748ec979a110>,<rdkit.DataStructs.cDataStructs.ExplicitBitVect object at 0x748ec95457e0>,<rdkit.DataStructs.cDataStructs.ExplicitBitVect object at 0x748ec942ece0>,0.8382352941176471,0.912,0.6973684210526315,0.8217054263565892
2273,CHEMBL3219503,COc1cc2ncnc(Nc3ccc(F)c(Cl)c3)c2cc1B1OC(C)(C)C(C)(C)O1,6.2839966563652006,<rdkit.Chem.rdchem.Mol object at 0x748ec979ac70>,<rdkit.DataStructs.cDataStructs.ExplicitBitVect object at 0x748ec9546340>,<rdkit.DataStructs.cDataStructs.ExplicitBitVect object at 0x748ec9430430>,0.5945945945945946,0.7457627118644068,0.547945205479452,0.7079646017699115
2278,CHEMBL3219508,COc1cc2ncnc(Nc3ccc(F)c(Cl)c3)c2cc1B(O)O,6.292429823902064,<rdkit.Chem.rdchem.Mol object at 0x748ec979aea0>,<rdkit.DataStructs.cDataStructs.ExplicitBitVect object at 0x748ec9546570>,<rdkit.DataStructs.cDataStructs.ExplicitBitVect object at 0x748ec9430890>,0.6,0.75,0.6060606060606061,0.7547169811320755
2280,CHEMBL3221258,CCCOC(=O)Nc1ccc(Nc2ncnc3cc(OC)c(OC)cc23)cc1Cl.Cl,6.0,<rdkit.Chem.rdchem.Mol object at 0x748ec979af80>,<rdkit.DataStructs.cDataStructs.ExplicitBitVect object at 0x748ec9546650>,<rdkit.DataStructs.cDataStructs.ExplicitBitVect object at 0x748ec9430a50>,0.6266666666666667,0.7704918032786885,0.5066666666666667,0.672566371681416
2281,CHEMBL3221259,CCCCOC(=O)Nc1ccc(Nc2ncnc3cc(OC)c(OC)cc23)cc1Cl.Cl,5.193820026016113,<rdkit.Chem.rdchem.Mol object at 0x748ec979aff0>,<rdkit.DataStructs.cDataStructs.ExplicitBitVect object at 0x748ec95466c0>,<rdkit.DataStructs.cDataStructs.ExplicitBitVect object at 0x748ec9430b30>,0.618421052631579,0.7642276422764228,0.5131578947368421,0.6782608695652174
2282,CHEMBL3221541,CCOC(=O)Nc1ccc(Nc2ncnc3cc(OCCN4CCOCC4)c(OC)cc23)cc1C.Cl,5.096910013008056,<rdkit.Chem.rdchem.Mol object at 0x748ec979b060>,<rdkit.DataStructs.cDataStructs.ExplicitBitVect object at 0x748ec9546730>,<rdkit.DataStructs.cDataStructs.ExplicitBitVect object at 0x748ec9430c10>,0.7808219178082192,0.8769230769230769,0.5802469135802469,0.734375
2284,CHEMBL3221546,CCOC(=O)Nc1ccc(Nc2ncnc3cc(OCCN4CCOCC4)c(OC)cc23)cc1Cl.Cl,5.070581074285707,<rdkit.Chem.rdchem.Mol object at 0x748ec979b140>,<rdkit.DataStructs.cDataStructs.ExplicitBitVect object at 0x748ec9546810>,<rdkit.DataStructs.cDataStructs.ExplicitBitVect object at 0x748ec9430dd0>,0.8194444444444444,0.9007633587786259,0.6538461538461539,0.7906976744186046
2555,CHEMBL3355873,COc1cc2ncnc(Nc3ccc(F)c(Cl)c3)c2cc1OCCn1ccnc1[N+](=O)[O-],8.515700160653214,<rdkit.Chem.rdchem.Mol object at 0x748ec97a28f0>,<rdkit.DataStructs.cDataStructs.ExplicitBitVect object at 0x748ec954dfc0>,<rdkit.DataStructs.cDataStructs.ExplicitBitVect object at 0x748ec943fca0>,0.7272727272727273,0.8421052631578947,0.6025641025641025,0.752
2556,CHEMBL3355874,COc1cc2ncnc(Nc3ccc(F)c(Cl)c3)c2cc1OCCCn1ccnc1[N+](=O)[O-],9.050609993355089,<rdkit.Chem.rdchem.Mol object at 0x748ec97a2960>,<rdkit.DataStructs.cDataStructs.ExplicitBitVect object at 0x748ec954e030>,<rdkit.DataStructs.cDataStructs.ExplicitBitVect object at 0x748ec943fd80>,0.7272727272727273,0.8421052631578947,0.6363636363636364,0.7777777777777778
2557,CHEMBL3355875,COc1cc2ncnc(Nc3ccc(F)c(Cl)c3)c2cc1OCCCCn1ccnc1[N+](=O)[O-],9.327902142064282,<rdkit.Chem.rdchem.Mol object at 0x748ec97a29d0>,<rdkit.DataStructs.cDataStructs.ExplicitBitVect object at 0x748ec954e0a0>,<rdkit.DataStructs.cDataStructs.ExplicitBitVect object at 0x748ec943fe60>,0.7402597402597403,0.8507462686567164,0.6075949367088608,0.7559055118110236
2558,CHEMBL3355876,COc1cc2ncnc(Nc3ccc(F)c(Cl)c3)c2cc1OCCCCCn1ccnc1[N+](=O)[O-],9.292429823902063,<rdkit.Chem.rdchem.Mol object at 0x748ec97a2a40>,<rdkit.DataStructs.cDataStructs.ExplicitBitVect object at 0x748ec954e110>,<rdkit.DataStructs.cDataStructs.ExplicitBitVect object at 0x748ec943ff40>,0.7532467532467533,0.8592592592592593,0.6,0.75
2559,CHEMBL3355877,COc1cc2ncnc(Nc3ccc(F)c(Cl)c3)c2cc1OCCCCCCn1ccnc1[N+](=O)[O-],9.494850021680094,<rdkit.Chem.rdchem.Mol object at 0x748ec97a2ab0>,<rdkit.DataStructs.cDataStructs.ExplicitBitVect object at 0x748ec954e180>,<rdkit.DataStructs.cDataStructs.ExplicitBitVect object at 0x748ec94400b0>,0.7532467532467533,0.8592592592592593,0.6,0.75
2569,CHEMBL3355887,COc1cc2ncnc(Nc3ccc(F)c(Cl)c3)c2cc1OCCn1c([N+](=O)[O-])cnc1C,8.309803919971486,<rdkit.Chem.rdchem.Mol object at 0x748ec97a2f10>,<rdkit.DataStructs.cDataStructs.ExplicitBitVect object at 0x748ec954e5e0>,<rdkit.DataStructs.cDataStructs.ExplicitBitVect object at 0x748ec9440970>,0.717948717948718,0.835820895522388,0.5949367088607594,0.746031746031746
2570,CHEMBL3355888,COc1cc2ncnc(Nc3ccc(F)c(Cl)c3)c2cc1OCCCn1c([N+](=O)[O-])cnc1C,8.46470587995723,<rdkit.Chem.rdchem.Mol object at 0x748ec97a2f80>,<rdkit.DataStructs.cDataStructs.ExplicitBitVect object at 0x748ec954e650>,<rdkit.DataStructs.cDataStructs.ExplicitBitVect object at 0x748ec9440a50>,0.717948717948718,0.835820895522388,0.6282051282051282,0.7716535433070866
2571,CHEMBL3355889,COc1cc2ncnc(Nc3ccc(F)c(Cl)c3)c2cc1OCCCCn1c([N+](=O)[O-])cnc1C,9.275724130399212,<rdkit.Chem.rdchem.Mol object at 0x748ec97a2ff0>,<rdkit.DataStructs.cDataStructs.ExplicitBitVect object at 0x748ec954e6c0>,<rdkit.DataStructs.cDataStructs.ExplicitBitVect object at 0x748ec9440b30>,0.7307692307692307,0.8444444444444444,0.6,0.75
2576,CHEMBL3357635,COc1cc2ncnc(Nc3ccc(F)c(Cl)c3)c2cc1NC(=O)/C(F)=C/CN1CCCCC1,7.838631997765026,<rdkit.Chem.rdchem.Mol object at 0x748ec97a3220>,<rdkit.DataStructs.cDataStructs.ExplicitBitVect object at 0x748ec954e8f0>,<rdkit.DataStructs.cDataStructs.ExplicitBitVect object at 0x748ec9440f90>,0.8088235294117647,0.8943089430894309,0.5238095238095238,0.6875
2577,CHEMBL3357636,COc1cc2ncnc(Nc3ccc(F)c(Cl)c3)c2cc1NC(=O)/C(F)=C\CN1CCCCC1,9.173925197299171,<rdkit.Chem.rdchem.Mol object at 0x748ec97a3290>,<rdkit.DataStructs.cDataStructs.ExplicitBitVect object at 0x748ec954e960>,<rdkit.DataStructs.cDataStructs.ExplicitBitVect object at 0x748ec9441070>,0.8088235294117647,0.8943089430894309,0.5238095238095238,0.6875
2580,CHEMBL3357639,O=C(Nc1cc2c(Nc3ccc(F)c(Cl)c3)ncnc2cc1O[C@H]1CCOC1)/C(F)=C/CN1CCOCC1,7.671620396561263,<rdkit.Chem.rdchem.Mol object at 0x748ec97a33e0>,<rdkit.DataStructs.cDataStructs.ExplicitBitVect object at 0x748ec954eab0>,<rdkit.DataStructs.cDataStructs.ExplicitBitVect object at 0x748ec9441310>,0.8055555555555556,0.8923076923076924,0.5054945054945055,0.6715328467153284
2581,CHEMBL3357640,O=C(Nc1cc2c(Nc3ccc(F)c(Cl)c3)ncnc2cc1O[C@H]1CCOC1)/C(F)=C\CN1CCOCC1,7.367542707815276,<rdkit.Chem.rdchem.Mol object at 0x748ec97a3450>,<rdkit.DataStructs.cDataStructs.ExplicitBitVect object at 0x748ec954eb20>,<rdkit.DataStructs.cDataStructs.ExplicitBitVect object at 0x748ec94413f0>,0.8055555555555556,0.8923076923076924,0.5054945054945055,0.6715328467153284
2584,CHEMBL3357643,COc1cc2ncnc(Nc3ccc(F)c(Cl)c3)c2cc1NC(=O)/C(F)=C/CN1CCOCC1,7.223298816011589,<rdkit.Chem.rdchem.Mol object at 0x748ec97a35a0>,<rdkit.DataStructs.cDataStructs.ExplicitBitVect object at 0x748ec954ec70>,<rdkit.DataStructs.cDataStructs.ExplicitBitVect object at 0x748ec9441690>,0.8676470588235294,0.9291338582677166,0.625,0.7692307692307693
2585,CHEMBL3357644,COc1cc2ncnc(Nc3ccc(F)c(Cl)c3)c2cc1NC(=O)/C(F)=C\CN1CCOCC1,9.522878745280336,<rdkit.Chem.rdchem.Mol object at 0x748ec97a3610>,<rdkit.DataStructs.cDataStructs.ExplicitBitVect object at 0x748ec954ece0>,<rdkit.DataStructs.cDataStructs.ExplicitBitVect object at 0x748ec9441770>,0.8676470588235294,0.9291338582677166,0.625,0.7692307692307693
2600,CHEMBL3360602,COc1cc2c(Nc3ccc(F)c(Cl)c3)ncnc2cc1OCCCn1ccnc1[N+](=O)[O-],9.113509274827518,<rdkit.Chem.rdchem.Mol object at 0x748ec97a3ca0>,<rdkit.DataStructs.cDataStructs.ExplicitBitVect object at 0x748ec954f370>,<rdkit.DataStructs.cDataStructs.ExplicitBitVect object at 0x748ec9442490>,0.7272727272727273,0.8421052631578947,0.6363636363636364,0.7777777777777778
2601,CHEMBL3360603,COc1cc2c(Nc3ccc(F)c(Cl)c3)ncnc2cc1OCCCCn1ccnc1[N+](=O)[O-],9.508638306165729,<rdkit.Chem.rdchem.Mol object at 0x748ec97a3d10>,<rdkit.DataStructs.cDataStructs.ExplicitBitVect object at 0x748ec954f3e0>,<rdkit.DataStructs.cDataStructs.ExplicitBitVect object at 0x748ec9442570>,0.7402597402597403,0.8507462686567164,0.6075949367088608,0.7559055118110236
2602,CHEMBL3360604,COc1cc2c(Nc3ccc(F)c(Cl)c3)ncnc2cc1OCCCCCn1ccnc1[N+](=O)[O-],9.2839966563652,<rdkit.Chem.rdchem.Mol object at 0x748ec97a3d80>,<rdkit.DataStructs.cDataStructs.ExplicitBitVect object at 0x748ec954f450>,<rdkit.DataStructs.cDataStructs.ExplicitBitVect object at 0x748ec9442650>,0.7532467532467533,0.8592592592592593,0.6,0.75
2603,CHEMBL3360605,COc1cc2c(Nc3ccc(F)c(Cl)c3)ncnc2cc1OCCCCCCn1ccnc1[N+](=O)[O-],8.84163750790475,<rdkit.Chem.rdchem.Mol object at 0x748ec97a3df0>,<rdkit.DataStructs.cDataStructs.ExplicitBitVect object at 0x748ec954f4c0>,<rdkit.DataStructs.cDataStructs.ExplicitBitVect object at 0x748ec9442730>,0.7532467532467533,0.8592592592592593,0.6,0.75
2604,CHEMBL3360606,COc1cc2c(Nc3ccc(F)c(Cl)c3)ncnc2cc1OCCOCCn1ccnc1[N+](=O)[O-],9.494850021680094,<rdkit.Chem.rdchem.Mol object at 0x748ec97a3e60>,<rdkit.DataStructs.cDataStructs.ExplicitBitVect object at 0x748ec954f530>,<rdkit.DataStructs.cDataStructs.ExplicitBitVect object at 0x748ec9442810>,0.7662337662337663,0.8676470588235294,0.5925925925925926,0.7441860465116279
2817,CHEMBL3612561,COCCn1c(=O)oc2cc3ncnc(Nc4ccc(F)c(Cl)c4)c3cc21,6.327902142064283,<rdkit.Chem.rdchem.Mol object at 0x748ec97a9cb0>,<rdkit.DataStructs.cDataStructs.ExplicitBitVect object at 0x748ec9555380>,<rdkit.DataStructs.cDataStructs.ExplicitBitVect object at 0x748ec944e420>,0.8142857142857143,0.8976377952755905,0.5128205128205128,0.6779661016949152
2876,CHEMBL3622651,COCCOc1cc2ncnc(Nc3ccc(F)c(Cl)c3)c2cc1NC(=O)/C=C/CN1CCCCC1,8.67778070526608,<rdkit.Chem.rdchem.Mol object at 0x748ec97ab610>,<rdkit.DataStructs.cDataStructs.ExplicitBitVect object at 0x748ec9556d50>,<rdkit.DataStructs.cDataStructs.ExplicitBitVect object at 0x748ec9451850>,0.855072463768116,0.921875,0.5057471264367817,0.6717557251908397
2899,CHEMBL3623278,COc1cc2ncnc(Nc3cccc(Cl)c3F)c2cc1CN1CCOCC1,8.18045606445813,<rdkit.Chem.rdchem.Mol object at 0x748ec97ac0b0>,<rdkit.DataStructs.cDataStructs.ExplicitBitVect object at 0x748ec9557760>,<rdkit.DataStructs.cDataStructs.ExplicitBitVect object at 0x748ec9452c70>,0.9508196721311475,0.9747899159663865,0.5526315789473685,0.711864406779661
2900,CHEMBL3623279,COc1cc2ncnc(Nc3cccc(Cl)c3F)c2cc1N1CCOCC1,8.823908740944319,<rdkit.Chem.rdchem.Mol object at 0x748ec97ac120>,<rdkit.DataStructs.cDataStructs.ExplicitBitVect object at 0x748ec95577d0>,<rdkit.DataStructs.cDataStructs.ExplicitBitVect object at 0x748ec9452d50>,0.9344262295081968,0.9661016949152542,0.5131578947368421,0.6782608695652174
2902,CHEMBL3623281,COc1cc2ncnc(Nc3cccc(Cl)c3F)c2cc1OC(=O)N1CCOCC1,8.387216143280265,<rdkit.Chem.rdchem.Mol object at 0x748ec97ac200>,<rdkit.DataStructs.cDataStructs.ExplicitBitVect object at 0x748ec95578b0>,<rdkit.DataStructs.cDataStructs.ExplicitBitVect object at 0x748ec9452f10>,0.8805970149253731,0.9365079365079365,0.5125,0.6776859504132231
2904,CHEMBL3623283,COc1cc2ncnc(Nc3ccc(F)c(Cl)c3)c2cc1N1CCOCC1,8.823908740944319,<rdkit.Chem.rdchem.Mol object at 0x748ec97ac2e0>,<rdkit.DataStructs.cDataStructs.ExplicitBitVect object at 0x748ec9557990>,<rdkit.DataStructs.cDataStructs.ExplicitBitVect object at 0x748ec94530d0>,0.9344262295081968,0.9661016949152542,0.7014925373134329,0.8245614035087719
3198,CHEMBL3680375,O=C(/C=C/CN1CCCCC1)Nc1cc2c(Nc3ccc(F)c(Cl)c3)ncnc2cc1OCCCN1CCOCC1,7.945004138470859,<rdkit.Chem.rdchem.Mol object at 0x748ec97b44a0>,<rdkit.DataStructs.cDataStructs.ExplicitBitVect object at 0x748ec955fb50>,<rdkit.DataStructs.cDataStructs.ExplicitBitVect object at 0x748ec9463450>,0.8507462686567164,0.9193548387096774,0.6385542168674698,0.7794117647058824
3200,CHEMBL3680377,COc1cc2ncnc(Nc3ccc(F)c(Cl)c3)c2cc1NC(=O)/C=C/CN1CCC(F)CC1,7.742801573860656,<rdkit.Chem.rdchem.Mol object at 0x748ec97b4580>,<rdkit.DataStructs.cDataStructs.ExplicitBitVect object at 0x748ec955fc30>,<rdkit.DataStructs.cDataStructs.ExplicitBitVect object at 0x748ec9463610>,0.8208955223880597,0.9016393442622951,0.5421686746987951,0.703125
3201,CHEMBL3680378,COc1cc2ncnc(Nc3ccc(F)c(Cl)c3)c2cc1NC(=O)/C=C/CN1CCCCCC1,7.916139199133427,<rdkit.Chem.rdchem.Mol object at 0x748ec97b45f0>,<rdkit.DataStructs.cDataStructs.ExplicitBitVect object at 0x748ec955fca0>,<rdkit.DataStructs.cDataStructs.ExplicitBitVect object at 0x748ec94636f0>,0.8088235294117647,0.8943089430894309,0.5301204819277109,0.6929133858267716
3375,CHEMBL3758585,COc1cc2c(Nc3ccc(NC(=O)c4ccc(C)cc4)cc3)ncnc2cc1OCCCN1CCN(C)CC1,6.161150909262745,<rdkit.Chem.rdchem.Mol object at 0x748ec97b92a0>,<rdkit.DataStructs.cDataStructs.ExplicitBitVect object at 0x748ec95649e0>,<rdkit.DataStructs.cDataStructs.ExplicitBitVect object at 0x748ec946d0e0>,0.7571428571428571,0.8617886178861789,0.5375,0.6991869918699187
3377,CHEMBL3758749,COc1cc2c(Nc3ccc(NC(=O)c4cccc(Cl)c4)cc3)ncnc2cc1OCCCN1CCN(C)CC1,6.823908740944319,<rdkit.Chem.rdchem.Mol object at 0x748ec97b9380>,<rdkit.DataStructs.cDataStructs.ExplicitBitVect object at 0x748ec9564ac0>,<rdkit.DataStructs.cDataStructs.ExplicitBitVect object at 0x748ec946d2a0>,0.8260869565217391,0.9047619047619048,0.5679012345679012,0.7244094488188977
3386,CHEMBL3758875,COc1cc2c(Nc3ccc(NC(=O)c4ccc(C)cc4)cc3)ncnc2cc1OCCCN1CCOCC1,6.119186407719209,<rdkit.Chem.rdchem.Mol object at 0x748ec97b9770>,<rdkit.DataStructs.cDataStructs.ExplicitBitVect object at 0x748ec9564eb0>,<rdkit.DataStructs.cDataStructs.ExplicitBitVect object at 0x748ec946da80>,0.8208955223880597,0.9016393442622951,0.6447368421052632,0.784
3392,CHEMBL3759015,COc1cc2c(Nc3ccc(NC(=O)c4cccc(Cl)c4)cc3)ncnc2cc1OCCCN1CCOCC1,6.638272163982407,<rdkit.Chem.rdchem.Mol object at 0x748ec97b9a10>,<rdkit.DataStructs.cDataStructs.ExplicitBitVect object at 0x748ec9565150>,<rdkit.DataStructs.cDataStructs.ExplicitBitVect object at 0x748ec946dfc0>,0.8939393939393939,0.944,0.6753246753246753,0.8062015503875969
3396,CHEMBL3759127,COc1cc2c(Nc3ccc(NC(=O)c4ccccc4)cc3)ncnc2cc1OCCCN1CCN(C)CC1,6.886056647693163,<rdkit.Chem.rdchem.Mol object at 0x748ec97b9bd0>,<rdkit.DataStructs.cDataStructs.ExplicitBitVect object at 0x748ec9565310>,<rdkit.DataStructs.cDataStructs.ExplicitBitVect object at 0x748ec946e340>,0.7681159420289855,0.8688524590163934,0.5443037974683544,0.7049180327868853
3398,CHEMBL3759190,COc1cc2c(Nc3ccc(NC(=O)c4ccccc4Cl)cc3)ncnc2cc1OCCCN1CCN(C)CC1,7.698970004336019,<rdkit.Chem.rdchem.Mol object at 0x748ec97b9cb0>,<rdkit.DataStructs.cDataStructs.ExplicitBitVect object at 0x748ec95653f0>,<rdkit.DataStructs.cDataStructs.ExplicitBitVect object at 0x748ec946e500>,0.8260869565217391,0.9047619047619048,0.575,0.7301587301587301
3413,CHEMBL3759754,COc1cc2c(Nc3ccc(NC(=O)c4ccc(Cl)cc4)cc3)ncnc2cc1OCCCN1CCOCC1,5.8696662315049934,<rdkit.Chem.rdchem.Mol object at 0x748ec97ba340>,<rdkit.DataStructs.cDataStructs.ExplicitBitVect object at 0x748ec9565a80>,<rdkit.DataStructs.cDataStructs.ExplicitBitVect object at 0x748ec946f220>,0.8939393939393939,0.944,0.7027027027027027,0.8253968253968254
3416,CHEMBL3759830,COc1ccc(C(=O)Nc2ccc(Nc3ncnc4cc(OCCCN5CCN(C)CC5)c(OC)cc34)cc2)cc1,5.954677021213342,<rdkit.Chem.rdchem.Mol object at 0x748ec97ba490>,<rdkit.DataStructs.cDataStructs.ExplicitBitVect object at 0x748ec9565bd0>,<rdkit.DataStructs.cDataStructs.ExplicitBitVect object at 0x748ec946f4c0>,0.7464788732394366,0.8548387096774194,0.5375,0.6991869918699187
3417,CHEMBL3759848,COc1cc2c(Nc3ccc(NC(=O)c4cccc(Cl)c4)cc3)ncnc2cc1OCCN1CCCCC1,6.522878745280337,<rdkit.Chem.rdchem.Mol object at 0x748ec97ba500>,<rdkit.DataStructs.cDataStructs.ExplicitBitVect object at 0x748ec9565c40>,<rdkit.DataStructs.cDataStructs.ExplicitBitVect object at 0x748ec946f5a0>,0.8923076923076924,0.943089430894309,0.5180722891566265,0.6825396825396826
3427,CHEMBL3760090,COc1cc2c(Nc3ccc(NC(=O)c4ccc(Cl)cc4)cc3)ncnc2cc1OCCCN1CCN(C)CC1,5.876148359032914,<rdkit.Chem.rdchem.Mol object at 0x748ec97ba960>,<rdkit.DataStructs.cDataStructs.ExplicitBitVect object at 0x748ec95660a0>,<rdkit.DataStructs.cDataStructs.ExplicitBitVect object at 0x748ec946fe60>,0.8260869565217391,0.9047619047619048,0.5897435897435898,0.7419354838709677
3429,CHEMBL3763405,COc1cc2ncnc(Nc3ccc(C(=O)NC45CC6CC(CC(C6)C4)C5)c(Cl)c3)c2cc1OCCCN1CCOCC1,8.335358024443874,<rdkit.Chem.rdchem.Mol object at 0x748ec97baa40>,<rdkit.DataStructs.cDataStructs.ExplicitBitVect object at 0x748ec9566180>,<rdkit.DataStructs.cDataStructs.ExplicitBitVect object at 0x748ec94700b0>,0.8428571428571429,0.9147286821705426,0.6666666666666666,0.8
3430,CHEMBL3763627,COc1cc2ncnc(Nc3ccc(C(=O)NC45CC6CC(CC(C6)C4)C5)cc3)c2cc1OCCCN1CCOCC1,8.267606240177031,<rdkit.Chem.rdchem.Mol object at 0x748ec97baab0>,<rdkit.DataStructs.cDataStructs.ExplicitBitVect object at 0x748ec95661f0>,<rdkit.DataStructs.cDataStructs.ExplicitBitVect object at 0x748ec9470190>,0.7857142857142857,0.88,0.6049382716049383,0.7538461538461538
3431,CHEMBL3763701,COc1cc2ncnc(Nc3cc(C(=O)NC45CC6CC(CC(C6)C4)C5)ccc3C)c2cc1OCCCN1CCOCC1,7.485452247339714,<rdkit.Chem.rdchem.Mol object at 0x748ec97bab20>,<rdkit.DataStructs.cDataStructs.ExplicitBitVect object at 0x748ec9566260>,<rdkit.DataStructs.cDataStructs.ExplicitBitVect object at 0x748ec9470270>,0.7746478873239436,0.873015873015873,0.5227272727272727,0.6865671641791045
3438,CHEMBL3765263,COc1cc2ncnc(Nc3cccc(C(=O)NC45CC6CC(CC(C6)C4)C5)c3)c2cc1OCCCN1CCOCC1,7.939302159646388,<rdkit.Chem.rdchem.Mol object at 0x748ec97bae30>,<rdkit.DataStructs.cDataStructs.ExplicitBitVect object at 0x748ec9566570>,<rdkit.DataStructs.cDataStructs.ExplicitBitVect object at 0x748ec9470890>,0.7857142857142857,0.88,0.5833333333333334,0.7368421052631579
3439,CHEMBL3765425,COc1cc2ncnc(Nc3ccc(C(=O)NC45CC6CC(CC(C6)C4)C5)c(C#N)c3)c2cc1OCCCN1CCOCC1,8.243363891754152,<rdkit.Chem.rdchem.Mol object at 0x748ec97baea0>,<rdkit.DataStructs.cDataStructs.ExplicitBitVect object at 0x748ec95665e0>,<rdkit.DataStructs.cDataStructs.ExplicitBitVect object at 0x748ec9470970>,0.7746478873239436,0.873015873015873,0.5681818181818182,0.7246376811594203
3440,CHEMBL3765789,COc1cc2ncnc(Nc3cccc(NC(=O)C45CC6CC(CC(C6)C4)C5)c3)c2cc1OCCCN1CCOCC1,6.798602875679549,<rdkit.Chem.rdchem.Mol object at 0x748ec97baf10>,<rdkit.DataStructs.cDataStructs.ExplicitBitVect object at 0x748ec9566650>,<rdkit.DataStructs.cDataStructs.ExplicitBitVect object at 0x748ec9470a50>,0.7857142857142857,0.88,0.5975609756097561,0.7480916030534351
3448,CHEMBL3774578,Cc1ccc(Nc2ncnc3cc4c(cc23)N(CCCN2CCOCC2)C(=O)CO4)cc1Cl,6.788612447063142,<rdkit.Chem.rdchem.Mol object at 0x748ec97bb290>,<rdkit.DataStructs.cDataStructs.ExplicitBitVect object at 0x748ec95669d0>,<rdkit.DataStructs.cDataStructs.ExplicitBitVect object at 0x748ec9471150>,0.890625,0.9421487603305785,0.5121951219512195,0.6774193548387096
3456,CHEMBL3775046,O=C1COc2cc3ncnc(Nc4ccc(F)c(Cl)c4)c3cc2N1CCCN1CCCCC1,6.860435733824151,<rdkit.Chem.rdchem.Mol object at 0x748ec97bb610>,<rdkit.DataStructs.cDataStructs.ExplicitBitVect object at 0x748ec9566d50>,<rdkit.DataStructs.cDataStructs.ExplicitBitVect object at 0x748ec9471850>,0.875,0.9333333333333333,0.5121951219512195,0.6774193548387096
3462,CHEMBL3775664,O=C1COc2cc3ncnc(Nc4ccc(F)c(Cl)c4)c3cc2N1CCCN1CCOCC1,6.473660722610156,<rdkit.Chem.rdchem.Mol object at 0x748ec97bb8b0>,<rdkit.DataStructs.cDataStructs.ExplicitBitVect object at 0x748ec9566ff0>,<rdkit.DataStructs.cDataStructs.ExplicitBitVect object at 0x748ec9471d90>,0.890625,0.9421487603305785,0.6025641025641025,0.752
3501,CHEMBL3804886,Fc1cccc(Nc2ncnc3cc(OCCCN4CCOCC4)c4c(c23)OCCO4)c1,7.076341578206694,<rdkit.Chem.rdchem.Mol object at 0x748ec97bca50>,<rdkit.DataStructs.cDataStructs.ExplicitBitVect object at 0x748ec9568190>,<rdkit.DataStructs.cDataStructs.ExplicitBitVect object at 0x748ec9474040>,0.9032258064516129,0.9491525423728814,0.5128205128205128,0.6779661016949152
3505,CHEMBL3805218,Fc1ccc(Nc2ncnc3cc(OCCCN4CCOCC4)c4c(c23)OCCO4)cc1Cl,7.587371479455625,<rdkit.Chem.rdchem.Mol object at 0x748ec97bcc10>,<rdkit.DataStructs.cDataStructs.ExplicitBitVect object at 0x748ec9568350>,<rdkit.DataStructs.cDataStructs.ExplicitBitVect object at 0x748ec94743c0>,0.9354838709677419,0.9666666666666667,0.6901408450704225,0.8166666666666667
3522,CHEMBL3805681,Clc1cccc(Nc2ncnc3cc(OCCCN4CCOCC4)c4c(c23)OCCO4)c1,7.6585654754218595,<rdkit.Chem.rdchem.Mol object at 0x748ec97bd380>,<rdkit.DataStructs.cDataStructs.ExplicitBitVect object at 0x748ec9568ac0>,<rdkit.DataStructs.cDataStructs.ExplicitBitVect object at 0x748ec94752a0>,0.9032258064516129,0.9491525423728814,0.5324675324675324,0.6949152542372882
3532,CHEMBL3806110,COCCOc1cc2ncnc(Nc3ccc(F)c(Cl)c3)c2c2c1OCCO2,7.8827287043442364,<rdkit.Chem.rdchem.Mol object at 0x748ec97bd7e0>,<rdkit.DataStructs.cDataStructs.ExplicitBitVect object at 0x748ec9568f20>,<rdkit.DataStructs.cDataStructs.ExplicitBitVect object at 0x748ec9475b60>,0.796875,0.8869565217391304,0.52,0.6842105263157895
3541,CHEMBL3806292,COc1cc2ncnc(Nc3ccc(F)c(Cl)c3)c2c2c1OCCO2,7.647817481888637,<rdkit.Chem.rdchem.Mol object at 0x748ec97bdbd0>,<rdkit.DataStructs.cDataStructs.ExplicitBitVect object at 0x748ec9569310>,<rdkit.DataStructs.cDataStructs.ExplicitBitVect object at 0x748ec9476340>,0.8032786885245902,0.8909090909090909,0.5352112676056338,0.6972477064220184
3558,CHEMBL3814445,Fc1ccc(Nc2ncnc3ccc(NC(=S)NCCN4CCOCC4)cc23)cc1Cl,8.647817481888637,<rdkit.Chem.rdchem.Mol object at 0x748ec97be340>,<rdkit.DataStructs.cDataStructs.ExplicitBitVect object at 0x748ec9569a80>,<rdkit.DataStructs.cDataStructs.ExplicitBitVect object at 0x748ec9477220>,0.6805555555555556,0.8099173553719008,0.5789473684210527,0.7333333333333333
3571,CHEMBL3815161,O=C(NCCN1CCOCC1)Nc1ccc2ncnc(Nc3ccc(F)c(Cl)c3)c2c1,8.534617148551582,<rdkit.Chem.rdchem.Mol object at 0x748ec97be8f0>,<rdkit.DataStructs.cDataStructs.ExplicitBitVect object at 0x748ec956a030>,<rdkit.DataStructs.cDataStructs.ExplicitBitVect object at 0x748ec9477d80>,0.6944444444444444,0.819672131147541,0.5789473684210527,0.7333333333333333
3578,CHEMBL3818289,O=C1N[C@H](C(=O)Nc2cc3c(Nc4ccc(F)c(Cl)c4)ncnc3cc2OCCCN2CCOCC2)CO1,8.342944147142896,<rdkit.Chem.rdchem.Mol object at 0x748ec97bec00>,<rdkit.DataStructs.cDataStructs.ExplicitBitVect object at 0x748ec956a340>,<rdkit.DataStructs.cDataStructs.ExplicitBitVect object at 0x748ec9478430>,0.7307692307692307,0.8444444444444444,0.6309523809523809,0.7737226277372263
3591,CHEMBL382638,COc1cc2ncnc(Nc3ccc(F)c(Cl)c3)c2cc1CN1CCC[C@H]1C(N)=O,7.698970004336019,<rdkit.Chem.rdchem.Mol object at 0x748ec97bf1b0>,<rdkit.DataStructs.cDataStructs.ExplicitBitVect object at 0x748ec956a8f0>,<rdkit.DataStructs.cDataStructs.ExplicitBitVect object at 0x748ec9478f90>,0.7638888888888888,0.8661417322834646,0.5180722891566265,0.6825396825396826
3609,CHEMBL384699,COc1cc2ncnc(Nc3cc(Cl)ccc3F)c2cc1OCCCN1CCOCC1,7.292429823902063,<rdkit.Chem.rdchem.Mol object at 0x748ec97bf990>,<rdkit.DataStructs.cDataStructs.ExplicitBitVect object at 0x748ec956b0d0>,<rdkit.DataStructs.cDataStructs.ExplicitBitVect object at 0x748ec9479f50>,1.0,1.0,0.7761194029850746,0.8739495798319328
3612,CHEMBL385479,COc1cc2ncnc(Nc3cccc(Cl)c3F)c2cc1OCCCN1CCOCC1,7.744727494896694,<rdkit.Chem.rdchem.Mol object at 0x748ec97bfae0>,<rdkit.DataStructs.cDataStructs.ExplicitBitVect object at 0x748ec956b220>,<rdkit.DataStructs.cDataStructs.ExplicitBitVect object at 0x748ec947a1f0>,1.0,1.0,0.7391304347826086,0.85
3641,CHEMBL3896615,COc1cc2c(Nc3ccc(NC(=O)Nc4cccc(Cl)c4)cc3)ncnc2cc1OCCCN1CCN(C)CC1,6.301029995663981,<rdkit.Chem.rdchem.Mol object at 0x748ec97c0820>,<rdkit.DataStructs.cDataStructs.ExplicitBitVect object at 0x748ec956bed0>,<rdkit.DataStructs.cDataStructs.ExplicitBitVect object at 0x748ec947bb50>,0.8028169014084507,0.890625,0.575,0.7301587301587301
3670,CHEMBL3904787,COC(=O)CNC(=O)c1ccc(Nc2ncnc3cc(OCCCN4CCOCC4)c(OC)cc23)cc1,6.117475462045119,<rdkit.Chem.rdchem.Mol object at 0x748ec97c14d0>,<rdkit.DataStructs.cDataStructs.ExplicitBitVect object at 0x748ec956cc10>,<rdkit.DataStructs.cDataStructs.ExplicitBitVect object at 0x748ec947d540>,0.7746478873239436,0.873015873015873,0.6447368421052632,0.784
3672,CHEMBL3905242,COc1cc2c(Nc3ccc(NC(=O)Nc4ccc(Cl)cc4)cc3)ncnc2cc1OCCCN1CCN(C)CC1,6.628932137728264,<rdkit.Chem.rdchem.Mol object at 0x748ec97c15b0>,<rdkit.DataStructs.cDataStructs.ExplicitBitVect object at 0x748ec956ccf0>,<rdkit.DataStructs.cDataStructs.ExplicitBitVect object at 0x748ec947d700>,0.8028169014084507,0.890625,0.6133333333333333,0.7603305785123967
3676,CHEMBL3905552,COc1cc2c(Nc3ccc(NC(=O)Nc4ccc(C)c(C)c4)cc3)ncnc2cc1OCCCN1CCN(C)CC1,6.175223537524454,<rdkit.Chem.rdchem.Mol object at 0x748ec97c1770>,<rdkit.DataStructs.cDataStructs.ExplicitBitVect object at 0x748ec956ceb0>,<rdkit.DataStructs.cDataStructs.ExplicitBitVect object at 0x748ec947da80>,0.7361111111111112,0.848,0.5375,0.6991869918699187
3708,CHEMBL3914599,CCCN1CCCOC(COc2cc3ncnc(Nc4ccc(Cl)c(Cl)c4)c3cc2OC)C1,7.301029995663981,<rdkit.Chem.rdchem.Mol object at 0x748ec97c2570>,<rdkit.DataStructs.cDataStructs.ExplicitBitVect object at 0x748ec956dcb0>,<rdkit.DataStructs.cDataStructs.ExplicitBitVect object at 0x748ec947f680>,0.9076923076923077,0.9516129032258065,0.5432098765432098,0.704
3718,CHEMBL3916927,C=CC(=O)N1CC(Oc2cc3c(Nc4ccc(F)c(Cl)c4)ncnc3cc2OC)C1,8.886056647693163,<rdkit.Chem.rdchem.Mol object at 0x748ec97c29d0>,<rdkit.DataStructs.cDataStructs.ExplicitBitVect object at 0x748ec956e110>,<rdkit.DataStructs.cDataStructs.ExplicitBitVect object at 0x748ec947ff40>,0.7647058823529411,0.8666666666666667,0.5375,0.6991869918699187
3727,CHEMBL3918330,C/C=C/C(=O)Nc1cc2c(Nc3ccc(F)c(Cl)c3)ncnc2cc1OCCCN1CCOCC1,7.657577319177793,<rdkit.Chem.rdchem.Mol object at 0x748ec97c2dc0>,<rdkit.DataStructs.cDataStructs.ExplicitBitVect object at 0x748ec956e500>,<rdkit.DataStructs.cDataStructs.ExplicitBitVect object at 0x748ec94807b0>,0.8656716417910447,0.928,0.7012987012987013,0.8244274809160306
3733,CHEMBL3920551,COc1cc2c(Nc3ccc(NC(=O)Nc4ccc(C)c(C)c4)c(Cl)c3)ncnc2cc1OCCCN1CCOCC1,7.292429823902063,<rdkit.Chem.rdchem.Mol object at 0x748ec97c3060>,<rdkit.DataStructs.cDataStructs.ExplicitBitVect object at 0x748ec956e7a0>,<rdkit.DataStructs.cDataStructs.ExplicitBitVect object at 0x748ec9480cf0>,0.8428571428571429,0.9147286821705426,0.6923076923076923,0.8181818181818182
3751,CHEMBL3923551,COc1cc2c(Nc3ccc(NC(=O)Nc4ccccc4)cc3)ncnc2cc1OCCCN1CCN(C)CC1,6.7121982700697735,<rdkit.Chem.rdchem.Mol object at 0x748ec97c3840>,<rdkit.DataStructs.cDataStructs.ExplicitBitVect object at 0x748ec956ef80>,<rdkit.DataStructs.cDataStructs.ExplicitBitVect object at 0x748ec9481cb0>,0.7464788732394366,0.8548387096774194,0.5584415584415584,0.7166666666666667
3767,CHEMBL3929448,COc1cc2c(Nc3ccc(NC(=O)Nc4ccc(F)c(Cl)c4)c(Cl)c3)ncnc2cc1OCCCN1CCN(C)CC1,7.10790539730952,<rdkit.Chem.rdchem.Mol object at 0x748ec97c3f40>,<rdkit.DataStructs.cDataStructs.ExplicitBitVect object at 0x748ec956f680>,<rdkit.DataStructs.cDataStructs.ExplicitBitVect object at 0x748ec9482ab0>,0.8169014084507042,0.8992248062015504,0.7105263157894737,0.8307692307692308
3772,CHEMBL3930316,CCC(=O)Nc1cc2c(Nc3ccc(F)c(Cl)c3)ncnc2cc1OC,8.698970004336019,<rdkit.Chem.rdchem.Mol object at 0x748ec97c4200>,<rdkit.DataStructs.cDataStructs.ExplicitBitVect object at 0x748ec956f8b0>,<rdkit.DataStructs.cDataStructs.ExplicitBitVect object at 0x748ec9482f10>,0.6470588235294118,0.7857142857142857,0.5405405405405406,0.7017543859649122
3785,CHEMBL3933568,COc1cc2c(Nc3ccc(NC(=O)Nc4ccccc4C)cc3)ncnc2cc1OCCCN1CCN(C)CC1,6.299296282854981,<rdkit.Chem.rdchem.Mol object at 0x748ec97c47b0>,<rdkit.DataStructs.cDataStructs.ExplicitBitVect object at 0x748ec956fe60>,<rdkit.DataStructs.cDataStructs.ExplicitBitVect object at 0x748ec9483a70>,0.7361111111111112,0.848,0.5180722891566265,0.6825396825396826
3806,CHEMBL3938494,COc1cc2c(Nc3ccc(NC(=O)Nc4ccccc4C)c(Cl)c3)ncnc2cc1OCCCN1CCN(C)CC1,7.823908740944319,<rdkit.Chem.rdchem.Mol object at 0x748ec97c50e0>,<rdkit.DataStructs.cDataStructs.ExplicitBitVect object at 0x748ec9570820>,<rdkit.DataStructs.cDataStructs.ExplicitBitVect object at 0x748ec9484d60>,0.7916666666666666,0.8837209302325582,0.5853658536585366,0.7384615384615385
3810,CHEMBL3939588,COc1cc2c(Nc3ccc(NC(=O)Nc4ccc(C)c(C)c4)c(Cl)c3)ncnc2cc1OCCN1CCCCC1,6.087777943467584,<rdkit.Chem.rdchem.Mol object at 0x748ec97c52a0>,<rdkit.DataStructs.cDataStructs.ExplicitBitVect object at 0x748ec95709e0>,<rdkit.DataStructs.cDataStructs.ExplicitBitVect object at 0x748ec94850e0>,0.8405797101449275,0.9133858267716536,0.5357142857142857,0.6976744186046512
3838,CHEMBL3946232,O=C(Nc1cc2c(Nc3ccc(F)c(Cl)c3)ncnc2cc1OCCCN1CCOCC1)C1=CCCC1,8.154901959985743,<rdkit.Chem.rdchem.Mol object at 0x748ec97c5ee0>,<rdkit.DataStructs.cDataStructs.ExplicitBitVect object at 0x748ec9571620>,<rdkit.DataStructs.cDataStructs.ExplicitBitVect object at 0x748ec9486960>,0.8028169014084507,0.890625,0.654320987654321,0.7910447761194029
3846,CHEMBL3948354,COc1cc2c(Nc3ccc(NC(=O)Nc4ccccc4)c(Cl)c3)ncnc2cc1OCCN1CCCCC1,6.673664139071249,<rdkit.Chem.rdchem.Mol object at 0x748ec97c6260>,<rdkit.DataStructs.cDataStructs.ExplicitBitVect object at 0x748ec95719a0>,<rdkit.DataStructs.cDataStructs.ExplicitBitVect object at 0x748ec9487060>,0.8656716417910447,0.928,0.5487804878048781,0.7086614173228346
3872,CHEMBL3957025,COc1cc2c(Nc3ccc(NC(=O)Nc4ccc(Cl)cc4)c(Cl)c3)ncnc2cc1OCCCN1CCOCC1,7.769551078621726,<rdkit.Chem.rdchem.Mol object at 0x748ec97c6dc0>,<rdkit.DataStructs.cDataStructs.ExplicitBitVect object at 0x748ec9572500>,<rdkit.DataStructs.cDataStructs.ExplicitBitVect object at 0x748ec94887b0>,0.8676470588235294,0.9291338582677166,0.7432432432432432,0.8527131782945736
3875,CHEMBL3957801,CCC(=O)Nc1cc2c(Nc3ccc(F)c(Cl)c3)ncnc2cc1OCCCN1CCOCC1,8.045757490560675,<rdkit.Chem.rdchem.Mol object at 0x748ec97c6f10>,<rdkit.DataStructs.cDataStructs.ExplicitBitVect object at 0x748ec9572650>,<rdkit.DataStructs.cDataStructs.ExplicitBitVect object at 0x748ec9488a50>,0.8529411764705882,0.9206349206349206,0.7297297297297297,0.84375
3876,CHEMBL3958006,O=C(/C=C/CN1CCOCC1)Nc1cc2c(Nc3ccc(F)c(Cl)c3)ncnc2cn1,7.920818753952375,<rdkit.Chem.rdchem.Mol object at 0x748ec97c6f80>,<rdkit.DataStructs.cDataStructs.ExplicitBitVect object at 0x748ec95726c0>,<rdkit.DataStructs.cDataStructs.ExplicitBitVect object at 0x748ec9488b30>,0.75,0.8571428571428571,0.5185185185185185,0.6829268292682927
3891,CHEMBL3961982,COc1cc2c(Nc3ccc(Cl)c(Cl)c3)ncnc2cc1OCc1cc(Br)cc(Br)c1,7.301029995663981,<rdkit.Chem.rdchem.Mol object at 0x748ec97c7610>,<rdkit.DataStructs.cDataStructs.ExplicitBitVect object at 0x748ec9572d50>,<rdkit.DataStructs.cDataStructs.ExplicitBitVect object at 0x748ec9489850>,0.7049180327868853,0.8269230769230769,0.5138888888888888,0.6788990825688074
3893,CHEMBL3962233,COc1cc2c(Nc3ccc(NC(=O)Nc4ccc(Cl)cc4)c(Cl)c3)ncnc2cc1OCCCN1CCN(C)CC1,9.0,<rdkit.Chem.rdchem.Mol object at 0x748ec97c76f0>,<rdkit.DataStructs.cDataStructs.ExplicitBitVect object at 0x748ec9572e30>,<rdkit.DataStructs.cDataStructs.ExplicitBitVect object at 0x748ec9489a10>,0.8028169014084507,0.890625,0.6282051282051282,0.7716535433070866
3909,CHEMBL3968039,COc1cc2c(Nc3ccc(NC(=O)Nc4ccc(C)c(C)c4)c(Cl)c3)ncnc2cc1OCCCN1CCN(C)CC1,9.0,<rdkit.Chem.rdchem.Mol object at 0x748ec97c7df0>,<rdkit.DataStructs.cDataStructs.ExplicitBitVect object at 0x748ec9573530>,<rdkit.DataStructs.cDataStructs.ExplicitBitVect object at 0x748ec948a810>,0.7916666666666666,0.8837209302325582,0.5853658536585366,0.7384615384615385
3933,CHEMBL3974571,C=C(C)C(=O)Nc1cc2c(Nc3ccc(F)c(Cl)c3)ncnc2cc1OCCCN1CCOCC1,7.67778070526608,<rdkit.Chem.rdchem.Mol object at 0x748ec97c8900>,<rdkit.DataStructs.cDataStructs.ExplicitBitVect object at 0x748ec9574040>,<rdkit.DataStructs.cDataStructs.ExplicitBitVect object at 0x748ec948bd10>,0.8285714285714286,0.90625,0.7105263157894737,0.8307692307692308
3936,CHEMBL3975598,COC(=O)CNC(=O)c1ccc(Nc2ncnc3cc(OCCCN4CCN(C)CC4)c(OC)cc23)cc1,6.213958789757446,<rdkit.Chem.rdchem.Mol object at 0x748ec97c8a50>,<rdkit.DataStructs.cDataStructs.ExplicitBitVect object at 0x748ec9574190>,<rdkit.DataStructs.cDataStructs.ExplicitBitVect object at 0x748ec948c040>,0.7297297297297297,0.84375,0.5375,0.6991869918699187
3948,CHEMBL3979264,COc1cc2c(Nc3ccc(NC(=O)Nc4ccccc4)c(Cl)c3)ncnc2cc1OCCCN1CCN(C)CC1,7.853871964321762,<rdkit.Chem.rdchem.Mol object at 0x748ec97c8f90>,<rdkit.DataStructs.cDataStructs.ExplicitBitVect object at 0x748ec95746d0>,<rdkit.DataStructs.cDataStructs.ExplicitBitVect object at 0x748ec948cac0>,0.8028169014084507,0.890625,0.6,0.75
4080,CHEMBL4073595,COc1cc2c(Nc3ccc(OCc4cccc(F)c4)c(Cl)c3)ncnc2cc1OCCCN1C[C@H](O)[C@@H](O)[C@H](O)[C@H]1CO,8.343901797987169,<rdkit.Chem.rdchem.Mol object at 0x748ec97cc9e0>,<rdkit.DataStructs.cDataStructs.ExplicitBitVect object at 0x748ec9578120>,<rdkit.DataStructs.cDataStructs.ExplicitBitVect object at 0x748ec9493ed0>,0.8428571428571429,0.9147286821705426,0.5111111111111111,0.6764705882352942
4116,CHEMBL4079553,COc1cc2ncnc(Nc3ccc(F)c(Cl)c3)c2cc1OCCCN1C[C@H](O)[C@@H](O)[C@H](O)[C@H]1CO,7.970210529168145,<rdkit.Chem.rdchem.Mol object at 0x748ec97cd9a0>,<rdkit.DataStructs.cDataStructs.ExplicitBitVect object at 0x748ec95790e0>,<rdkit.DataStructs.cDataStructs.ExplicitBitVect object at 0x748ec9495ee0>,0.8428571428571429,0.9147286821705426,0.6493506493506493,0.7874015748031497
4124,CHEMBL4080720,COc1cc2ncnc(Nc3ccc(F)c(Cl)c3)c2cc1OCCCOP(N)(=O)N(CCCl)CCCl,9.30102999566398,<rdkit.Chem.rdchem.Mol object at 0x748ec97cdd20>,<rdkit.DataStructs.cDataStructs.ExplicitBitVect object at 0x748ec9579460>,<rdkit.DataStructs.cDataStructs.ExplicitBitVect object at 0x748ec94965e0>,0.7466666666666667,0.8549618320610687,0.5897435897435898,0.7419354838709677
4156,CHEMBL4086056,COc1cc2c(Nc3ccc(F)c(Cl)c3)ncnc2cc1OCCCN1C[C@H](O)[C@@H](O)[C@H](O)[C@H]1CO,8.747146969020108,<rdkit.Chem.rdchem.Mol object at 0x748ec97ceb20>,<rdkit.DataStructs.cDataStructs.ExplicitBitVect object at 0x748ec957a260>,<rdkit.DataStructs.cDataStructs.ExplicitBitVect object at 0x748ec9498270>,0.8428571428571429,0.9147286821705426,0.6493506493506493,0.7874015748031497
4295,CHEMBL4161938,Fc1cccc(COc2ccc(Nc3ncnc4cc(OCCCN5CCOCC5)c(OCCCN5CCOCC5)cc34)cc2Cl)c1,8.154901959985743,<rdkit.Chem.rdchem.Mol object at 0x748ec97d2880>,<rdkit.DataStructs.cDataStructs.ExplicitBitVect object at 0x748ec957dfc0>,<rdkit.DataStructs.cDataStructs.ExplicitBitVect object at 0x748ec95b42e0>,0.9508196721311475,0.9747899159663865,0.6891891891891891,0.816
4314,CHEMBL4168235,COc1cc2c(Nc3ccc(C#N)cc3)ncnc2cc1OCCCN1CCC(c2ccccc2)CC1,8.441291429466835,<rdkit.Chem.rdchem.Mol object at 0x748ec97d30d0>,<rdkit.DataStructs.cDataStructs.ExplicitBitVect object at 0x748ec957e810>,<rdkit.DataStructs.cDataStructs.ExplicitBitVect object at 0x748ec95b6420>,0.8387096774193549,0.9122807017543859,0.5308641975308642,0.6935483870967742
4326,CHEMBL4173696,C/C=C/c1ccc(Nc2ncnc3cc(OCCCN4CCOCC4)c(OCCCN4CCOCC4)cc23)cc1,7.684029654543083,<rdkit.Chem.rdchem.Mol object at 0x748ec97d3610>,<rdkit.DataStructs.cDataStructs.ExplicitBitVect object at 0x748ec957ed50>,<rdkit.DataStructs.cDataStructs.ExplicitBitVect object at 0x748ec95b7920>,0.8709677419354839,0.9310344827586207,0.6428571428571429,0.782608695652174
4346,CHEMBL420059,COc1cc2ncnc(NC3CC3c3ccccc3)c2cc1OCCN1CCOCC1,6.522878745280337,<rdkit.Chem.rdchem.Mol object at 0x748ec97d3ed0>,<rdkit.DataStructs.cDataStructs.ExplicitBitVect object at 0x748ec957f610>,<rdkit.DataStructs.cDataStructs.ExplicitBitVect object at 0x748ec95b9d20>,0.859375,0.9243697478991597,0.5256410256410257,0.6890756302521008
4404,CHEMBL422066,COc1cc2ncnc(NNc3ccc(F)c(Cl)c3)c2cc1OC,6.366531544420414,<rdkit.Chem.rdchem.Mol object at 0x748ec97d58c0>,<rdkit.DataStructs.cDataStructs.ExplicitBitVect object at 0x748ec9581000>,<rdkit.DataStructs.cDataStructs.ExplicitBitVect object at 0x748ec95c04a0>,0.6029411764705882,0.7522935779816514,0.5692307692307692,0.7254901960784313
4618,CHEMBL4435699,C=CC(=O)Oc1cc2c(Nc3ccc(F)c(Cl)c3)ncnc2cc1OCC,7.823908740944319,<rdkit.Chem.rdchem.Mol object at 0x748ec97db6f0>,<rdkit.DataStructs.cDataStructs.ExplicitBitVect object at 0x748ec9586e30>,<rdkit.DataStructs.cDataStructs.ExplicitBitVect object at 0x748ec95d7df0>,0.676923076923077,0.8073394495412844,0.5064935064935064,0.6724137931034483
4619,CHEMBL4435885,COc1cc2ncnc(Nc3ccc(Br)cc3F)c2cc1OCCCN1CCNCCNCC1,7.549750891680639,<rdkit.Chem.rdchem.Mol object at 0x748ec97db760>,<rdkit.DataStructs.cDataStructs.ExplicitBitVect object at 0x748ec9586ea0>,<rdkit.DataStructs.cDataStructs.ExplicitBitVect object at 0x748ec95d8040>,0.835820895522388,0.9105691056910569,0.5584415584415584,0.7166666666666667
4620,CHEMBL4436337,C=CC(=O)Nc1cccc(Nc2ncnc3cc(OC)c(OCCN4CCOCC4)cc23)c1,8.366531544420413,<rdkit.Chem.rdchem.Mol object at 0x748ec97db7d0>,<rdkit.DataStructs.cDataStructs.ExplicitBitVect object at 0x748ec9586f10>,<rdkit.DataStructs.cDataStructs.ExplicitBitVect object at 0x748ec95d8200>,0.7971014492753623,0.8870967741935484,0.5822784810126582,0.736
4630,CHEMBL4439066,C=CC(=O)N(c1cc(F)c(F)cc1F)c1ncnc2cc(OC)c(OCCCN3CCOCC3)cc12,6.301029995663981,<rdkit.Chem.rdchem.Mol object at 0x748ec97dbc30>,<rdkit.DataStructs.cDataStructs.ExplicitBitVect object at 0x748ec9587370>,<rdkit.DataStructs.cDataStructs.ExplicitBitVect object at 0x748ec95d9380>,0.8656716417910447,0.928,0.5060240963855421,0.672
4631,CHEMBL4439338,COc1cc2ncnc(Nc3ccc(OCc4cccc(F)c4)c(Cl)c3)c2cc1OCCCN1CCNCCNCC1,9.522878745280336,<rdkit.Chem.rdchem.Mol object at 0x748ec97dbca0>,<rdkit.DataStructs.cDataStructs.ExplicitBitVect object at 0x748ec95873e0>,<rdkit.DataStructs.cDataStructs.ExplicitBitVect object at 0x748ec95d9540>,0.8787878787878788,0.9354838709677419,0.6172839506172839,0.7633587786259542
4640,CHEMBL4440618,CCOc1cc2ncnc(Nc3ccc(F)c(Cl)c3)c2cc1OC(=O)CCl,8.154901959985743,<rdkit.Chem.rdchem.Mol object at 0x748ec97dc120>,<rdkit.DataStructs.cDataStructs.ExplicitBitVect object at 0x748ec95877d0>,<rdkit.DataStructs.cDataStructs.ExplicitBitVect object at 0x748ec95da500>,0.7301587301587301,0.8440366972477065,0.52,0.6842105263157895
4641,CHEMBL4441029,C=CC(=O)N(c1cccc(Cl)c1F)c1ncnc2cc(OC)c(OCCCN3CCOCC3)cc12,7.279014255846262,<rdkit.Chem.rdchem.Mol object at 0x748ec97dc190>,<rdkit.DataStructs.cDataStructs.ExplicitBitVect object at 0x748ec9587840>,<rdkit.DataStructs.cDataStructs.ExplicitBitVect object at 0x748ec95da6c0>,0.8805970149253731,0.9365079365079365,0.5232558139534884,0.6870229007633588
4678,CHEMBL4448162,COc1cc2ncnc(Nc3ccc(Cl)c(Cl)c3)c2cc1OCCCN1CCOCC1,9.0,<rdkit.Chem.rdchem.Mol object at 0x748ec97dd1c0>,<rdkit.DataStructs.cDataStructs.ExplicitBitVect object at 0x748ec9588900>,<rdkit.DataStructs.cDataStructs.ExplicitBitVect object at 0x748ec95de810>,0.9833333333333333,0.9915966386554622,0.8571428571428571,0.9230769230769231
4683,CHEMBL4448712,C=CC(=O)N(c1ccc(F)c(C)c1)c1ncnc2cc(OC)c(OCCCN3CCOCC3)cc12,6.30189945437661,<rdkit.Chem.rdchem.Mol object at 0x748ec97dd3f0>,<rdkit.DataStructs.cDataStructs.ExplicitBitVect object at 0x748ec9588b30>,<rdkit.DataStructs.cDataStructs.ExplicitBitVect object at 0x748ec95df0d0>,0.8529411764705882,0.9206349206349206,0.5176470588235295,0.6821705426356589
4701,CHEMBL4453748,C=CC(=O)N(c1ccc(F)c(Cl)c1)c1ncnc2cc(OC)c(OCCCN3CCOCC3)cc12,7.18575240426808,<rdkit.Chem.rdchem.Mol object at 0x748ec97ddbd0>,<rdkit.DataStructs.cDataStructs.ExplicitBitVect object at 0x748ec9589310>,<rdkit.DataStructs.cDataStructs.ExplicitBitVect object at 0x748ec95e10e0>,0.8805970149253731,0.9365079365079365,0.6049382716049383,0.7538461538461538
4766,CHEMBL4471155,C=CC(=O)N(c1ccc(Cl)c(Cl)c1)c1ncnc2cc(OC)c(OCCCN3CCOCC3)cc12,7.498940737782249,<rdkit.Chem.rdchem.Mol object at 0x748ec97df840>,<rdkit.DataStructs.cDataStructs.ExplicitBitVect object at 0x748ec958af80>,<rdkit.DataStructs.cDataStructs.ExplicitBitVect object at 0x748ec95e83c0>,0.8656716417910447,0.928,0.5119047619047619,0.6771653543307087
4785,CHEMBL4475780,C=CC(=O)N(c1ccc(Cl)cc1F)c1ncnc2cc(OC)c(OCCCN3CCOCC3)cc12,6.6307841425898575,<rdkit.Chem.rdchem.Mol object at 0x748ec97e0120>,<rdkit.DataStructs.cDataStructs.ExplicitBitVect object at 0x748ec958b7d0>,<rdkit.DataStructs.cDataStructs.ExplicitBitVect object at 0x748ec95ea420>,0.8805970149253731,0.9365079365079365,0.5542168674698795,0.7131782945736435
4814,CHEMBL4516586,C=CC(=O)Nc1ccc(Nc2ncnc3cc(OC)c(OCCN4CCOCC4)cc23)cc1,8.366531544420413,<rdkit.Chem.rdchem.Mol object at 0x748ec97e0dd0>,<rdkit.DataStructs.cDataStructs.ExplicitBitVect object at 0x748ec958c510>,<rdkit.DataStructs.cDataStructs.ExplicitBitVect object at 0x748ec95ed770>,0.8088235294117647,0.8943089430894309,0.6052631578947368,0.7540983606557377
4831,CHEMBL4521506,C=CC(=O)Nc1cc2c(Nc3ccc(F)c(Cl)c3)ncnc2cc1OCc1cn(CCCN2CCOCC2)nn1,8.397940008672037,<rdkit.Chem.rdchem.Mol object at 0x748ec97e1540>,<rdkit.DataStructs.cDataStructs.ExplicitBitVect object at 0x748ec958cc80>,<rdkit.DataStructs.cDataStructs.ExplicitBitVect object at 0x748ec95ef530>,0.75,0.8571428571428571,0.5730337078651685,0.7285714285714285
4832,CHEMBL4522240,COc1cc2ncnc(Nc3ccc(OCc4cccc(F)c4)c(Cl)c3)c2cc1OCCCN1CCNCCNCCNCC1,8.853871964321762,<rdkit.Chem.rdchem.Mol object at 0x748ec97e15b0>,<rdkit.DataStructs.cDataStructs.ExplicitBitVect object at 0x748ec958ccf0>,<rdkit.DataStructs.cDataStructs.ExplicitBitVect object at 0x748ec95ef6f0>,0.8787878787878788,0.9354838709677419,0.6172839506172839,0.7633587786259542
4844,CHEMBL4527715,C=CC(=O)N(c1cc(Cl)ccc1F)c1ncnc2cc(OC)c(OCCCN3CCOCC3)cc12,6.876148359032914,<rdkit.Chem.rdchem.Mol object at 0x748ec97e1af0>,<rdkit.DataStructs.cDataStructs.ExplicitBitVect object at 0x748ec958d230>,<rdkit.DataStructs.cDataStructs.ExplicitBitVect object at 0x748ec95f0c80>,0.8805970149253731,0.9365079365079365,0.5542168674698795,0.7131782945736435
4866,CHEMBL4534611,COc1cc2ncnc(Nc3ccc(F)c(Cl)c3)c2cc1OCCCN1CCNCCNCCNCC1,8.18045606445813,<rdkit.Chem.rdchem.Mol object at 0x748ec97e2490>,<rdkit.DataStructs.cDataStructs.ExplicitBitVect object at 0x748ec958dbd0>,<rdkit.DataStructs.cDataStructs.ExplicitBitVect object at 0x748ec95f3300>,0.8636363636363636,0.926829268292683,0.8059701492537313,0.8925619834710744
4916,CHEMBL4555488,C=CC(=O)N(c1ccc(F)c(F)c1)c1ncnc2cc(OC)c(OCCCN3CCOCC3)cc12,6.434152181326482,<rdkit.Chem.rdchem.Mol object at 0x748ec97e3a70>,<rdkit.DataStructs.cDataStructs.ExplicitBitVect object at 0x748ec958f1b0>,<rdkit.DataStructs.cDataStructs.ExplicitBitVect object at 0x748ec95f8ba0>,0.8656716417910447,0.928,0.5301204819277109,0.6929133858267716
4937,CHEMBL4563873,COc1cc2ncnc(Nc3ccc(F)c(Br)c3)c2cc1OCCCN1CCNCCNCC1,8.2518119729938,<rdkit.Chem.rdchem.Mol object at 0x748ec97e4430>,<rdkit.DataStructs.cDataStructs.ExplicitBitVect object at 0x748ec958fae0>,<rdkit.DataStructs.cDataStructs.ExplicitBitVect object at 0x748ec95fb060>,0.835820895522388,0.9105691056910569,0.6575342465753424,0.7933884297520661
4970,CHEMBL4579429,C=CC(=O)N(c1ccc(F)cc1F)c1ncnc2cc(OC)c(OCCCN3CCOCC3)cc12,6.51999305704285,<rdkit.Chem.rdchem.Mol object at 0x748ec97e52a0>,<rdkit.DataStructs.cDataStructs.ExplicitBitVect object at 0x748ec95909e0>,<rdkit.DataStructs.cDataStructs.ExplicitBitVect object at 0x748ec93feab0>,0.8656716417910447,0.928,0.5119047619047619,0.6771653543307087
4984,CHEMBL4586581,COc1cc2ncnc(Nc3ccc(F)c(Cl)c3)c2cc1OCCCN1CCNCCNCC1,8.080921907623926,<rdkit.Chem.rdchem.Mol object at 0x748ec97e58c0>,<rdkit.DataStructs.cDataStructs.ExplicitBitVect object at 0x748ec9591000>,<rdkit.DataStructs.cDataStructs.ExplicitBitVect object at 0x748ec94003c0>,0.8636363636363636,0.926829268292683,0.8059701492537313,0.8925619834710744
5019,CHEMBL461795,COc1cc2ncnc(Nc3ccc(F)c(Cl)c3)c2cc1CN1CC[C@@H](C(N)=O)C1,8.221848749616356,<rdkit.Chem.rdchem.Mol object at 0x748ec97e6810>,<rdkit.DataStructs.cDataStructs.ExplicitBitVect object at 0x748ec9591f50>,<rdkit.DataStructs.cDataStructs.ExplicitBitVect object at 0x748ec9404190>,0.7605633802816901,0.864,0.5365853658536586,0.6984126984126984
5024,CHEMBL461967,COc1cc2ncnc(Nc3ccc(F)c(Cl)c3)c2cc1CNC(=O)[C@H]1CCCCN1C,8.096910013008056,<rdkit.Chem.rdchem.Mol object at 0x748ec97e6a40>,<rdkit.DataStructs.cDataStructs.ExplicitBitVect object at 0x748ec9592180>,<rdkit.DataStructs.cDataStructs.ExplicitBitVect object at 0x748ec9404a50>,0.7534246575342466,0.859375,0.5238095238095238,0.6875
5118,CHEMBL4741678,O=C(Nc1cc2c(Nc3ccc(F)c(Cl)c3)ncnc2cc1OCCCN1CCOCC1)c1cccc(F)c1F,7.537602002101044,<rdkit.Chem.rdchem.Mol object at 0x748ec97e93f0>,<rdkit.DataStructs.cDataStructs.ExplicitBitVect object at 0x748ec9594b30>,<rdkit.DataStructs.cDataStructs.ExplicitBitVect object at 0x748ec940eff0>,0.8636363636363636,0.926829268292683,0.6625,0.7969924812030075
5131,CHEMBL4743566,O=C(Nc1cc2c(Nc3ccc(F)c(Cl)c3)ncnc2cc1OCCCN1CCOCC1)c1cccc([N+](=O)[O-])c1Cl,7.853871964321762,<rdkit.Chem.rdchem.Mol object at 0x748ec97e99a0>,<rdkit.DataStructs.cDataStructs.ExplicitBitVect object at 0x748ec95950e0>,<rdkit.DataStructs.cDataStructs.ExplicitBitVect object at 0x748ec9410740>,0.7215189873417721,0.8382352941176471,0.6091954022988506,0.7571428571428571
5140,CHEMBL474524,COc1cc2ncnc(-c3c[nH]c4cc(F)c(Cl)cc34)c2cc1OCCCN1CCOCC1,6.47755576649368,<rdkit.Chem.rdchem.Mol object at 0x748ec97e9d90>,<rdkit.DataStructs.cDataStructs.ExplicitBitVect object at 0x748ec95954d0>,<rdkit.DataStructs.cDataStructs.ExplicitBitVect object at 0x748ec9411700>,0.9047619047619048,0.95,0.5974025974025974,0.7479674796747967
5156,CHEMBL4747893,O=C(Nc1cc2c(Nc3ccc(OCc4ccccn4)c(Cl)c3)ncnc2cc1OCCCN1CCOCC1)c1cc([N+](=O)[O-])ccc1F,6.7121982700697735,<rdkit.Chem.rdchem.Mol object at 0x748ec97ea490>,<rdkit.DataStructs.cDataStructs.ExplicitBitVect object at 0x748ec9595bd0>,<rdkit.DataStructs.cDataStructs.ExplicitBitVect object at 0x748ec9413300>,0.7215189873417721,0.8382352941176471,0.5360824742268041,0.697986577181208
5167,CHEMBL4750196,O=C(Nc1cc2c(Nc3ccc(F)c(Cl)c3)ncnc2cc1OCCCN1CCOCC1)c1cc([N+](=O)[O-])ccc1F,5.374378918575093,<rdkit.Chem.rdchem.Mol object at 0x748ec97ea960>,<rdkit.DataStructs.cDataStructs.ExplicitBitVect object at 0x748ec95960a0>,<rdkit.DataStructs.cDataStructs.ExplicitBitVect object at 0x748ec94146d0>,0.7215189873417721,0.8382352941176471,0.6309523809523809,0.7737226277372263
5171,CHEMBL4750608,O=C(Nc1cc2c(Nc3ccc(F)c(Cl)c3)ncnc2cc1OCCCN1CCOCC1)c1cc(F)ccc1[N+](=O)[O-],7.366531544420414,<rdkit.Chem.rdchem.Mol object at 0x748ec97eab20>,<rdkit.DataStructs.cDataStructs.ExplicitBitVect object at 0x748ec9596260>,<rdkit.DataStructs.cDataStructs.ExplicitBitVect object at 0x748ec9414dd0>,0.7215189873417721,0.8382352941176471,0.6162790697674418,0.762589928057554
5176,CHEMBL4751768,O=[N+]([O-])c1ccc(F)c(CNc2cc3c(Nc4ccc(F)c(Cl)c4)ncnc3cc2OCCCN2CCOCC2)c1,6.615467384505752,<rdkit.Chem.rdchem.Mol object at 0x748ec97ead50>,<rdkit.DataStructs.cDataStructs.ExplicitBitVect object at 0x748ec9596490>,<rdkit.DataStructs.cDataStructs.ExplicitBitVect object at 0x748ec9415690>,0.76,0.8636363636363636,0.6463414634146342,0.7851851851851852
5180,CHEMBL4752951,O=C(Nc1cc2c(Nc3ccc(F)c(Cl)c3)ncnc2cc1OCCCN1CCOCC1)c1cccnc1F,8.366531544420413,<rdkit.Chem.rdchem.Mol object at 0x748ec97eaf10>,<rdkit.DataStructs.cDataStructs.ExplicitBitVect object at 0x748ec9596650>,<rdkit.DataStructs.cDataStructs.ExplicitBitVect object at 0x748ec9415d90>,0.8636363636363636,0.926829268292683,0.654320987654321,0.7910447761194029
5190,CHEMBL4754811,O=C(Nc1cc2c(Nc3ccc(F)c(Cl)c3)ncnc2cc1OCCCN1CCOCC1)c1cccc([N+](=O)[O-])c1F,7.886056647693163,<rdkit.Chem.rdchem.Mol object at 0x748ec97eb370>,<rdkit.DataStructs.cDataStructs.ExplicitBitVect object at 0x748ec9596ab0>,<rdkit.DataStructs.cDataStructs.ExplicitBitVect object at 0x748ec9416f10>,0.7215189873417721,0.8382352941176471,0.6091954022988506,0.7571428571428571
5191,CHEMBL4755444,CN(C)CCOc1ccc(Nc2ncnc3cc(OCCCN4CCOCC4)c(NC(=O)c4cc([N+](=O)[O-])ccc4F)cc23)cc1Cl,6.568636235841012,<rdkit.Chem.rdchem.Mol object at 0x748ec97eb3e0>,<rdkit.DataStructs.cDataStructs.ExplicitBitVect object at 0x748ec9596b20>,<rdkit.DataStructs.cDataStructs.ExplicitBitVect object at 0x748ec94170d0>,0.7108433734939759,0.8309859154929577,0.5531914893617021,0.7123287671232876
5193,CHEMBL4755832,O=C(Nc1cc2c(Nc3ccc(F)c(Cl)c3)ncnc2cc1OCCCN1CCOCC1)c1ccccc1,7.568636235841013,<rdkit.Chem.rdchem.Mol object at 0x748ec97eb4c0>,<rdkit.DataStructs.cDataStructs.ExplicitBitVect object at 0x748ec9596c00>,<rdkit.DataStructs.cDataStructs.ExplicitBitVect object at 0x748ec9417450>,0.8636363636363636,0.926829268292683,0.6883116883116883,0.8153846153846154
5199,CHEMBL4756049,Cc1ccc(Oc2ccc(Nc3ncnc4cc(OCCCN5CCOCC5)c(NC(=O)c5cc([N+](=O)[O-])ccc5F)cc34)cc2Cl)cn1,6.176525770829699,<rdkit.Chem.rdchem.Mol object at 0x748ec97eb760>,<rdkit.DataStructs.cDataStructs.ExplicitBitVect object at 0x748ec9596ea0>,<rdkit.DataStructs.cDataStructs.ExplicitBitVect object at 0x748ec9417ed0>,0.7341772151898734,0.8467153284671532,0.5252525252525253,0.6887417218543046
5207,CHEMBL4757724,CN1CCN(CCCOc2cc3ncnc(Nc4ccc(F)c(Cl)c4)c3cc2NC(=O)c2cc([N+](=O)[O-])ccc2F)CC1,8.42021640338319,<rdkit.Chem.rdchem.Mol object at 0x748ec97ebae0>,<rdkit.DataStructs.cDataStructs.ExplicitBitVect object at 0x748ec9597220>,<rdkit.DataStructs.cDataStructs.ExplicitBitVect object at 0x748ec9418d60>,0.7073170731707317,0.8285714285714286,0.5454545454545454,0.7058823529411765
5219,CHEMBL4759414,O=C(Nc1cc2c(Nc3ccc(F)c(Cl)c3)ncnc2cc1OCCCN1CCOCC1)c1cccc([N+](=O)[O-])c1,7.293282217663242,<rdkit.Chem.rdchem.Mol object at 0x748ec97ec0b0>,<rdkit.DataStructs.cDataStructs.ExplicitBitVect object at 0x748ec9597760>,<rdkit.DataStructs.cDataStructs.ExplicitBitVect object at 0x748ec941a260>,0.7215189873417721,0.8382352941176471,0.6162790697674418,0.762589928057554
5223,CHEMBL4760606,CS(=O)(=O)c1ccc(F)c(C(=O)Nc2cc3c(Nc4ccc(F)c(Cl)c4)ncnc3cc2OCCCN2CCOCC2)c1,7.244125144327507,<rdkit.Chem.rdchem.Mol object at 0x748ec97ec270>,<rdkit.DataStructs.cDataStructs.ExplicitBitVect object at 0x748ec9597920>,<rdkit.DataStructs.cDataStructs.ExplicitBitVect object at 0x748ec941a960>,0.7108433734939759,0.8309859154929577,0.6506024096385542,0.7883211678832117
5224,CHEMBL4760864,O=C(Nc1cc2c(Nc3ccc(F)c(Cl)c3)ncnc2cc1OCCCN1CCOCC1)c1cccc(C(F)(F)F)c1F,7.522878745280337,<rdkit.Chem.rdchem.Mol object at 0x748ec97ec2e0>,<rdkit.DataStructs.cDataStructs.ExplicitBitVect object at 0x748ec9597990>,<rdkit.DataStructs.cDataStructs.ExplicitBitVect object at 0x748ec941ab20>,0.8382352941176471,0.912,0.6235294117647059,0.7681159420289855
5228,CHEMBL4762998,O=C(Nc1cc2c(Nc3ccc(F)c(Cl)c3)ncnc2cc1OCCCN1CCOCC1)c1cc(F)cc(F)c1F,6.437707135543525,<rdkit.Chem.rdchem.Mol object at 0x748ec97ec4a0>,<rdkit.DataStructs.cDataStructs.ExplicitBitVect object at 0x748ec9597b50>,<rdkit.DataStructs.cDataStructs.ExplicitBitVect object at 0x748ec941b220>,0.8636363636363636,0.926829268292683,0.6625,0.7969924812030075
5230,CHEMBL4763697,O=C(Nc1cc2c(Nc3ccc(F)cc3)ncnc2cc1OCCCN1CCOCC1)c1cc([N+](=O)[O-])ccc1F,6.369572124974976,<rdkit.Chem.rdchem.Mol object at 0x748ec97ec580>,<rdkit.DataStructs.cDataStructs.ExplicitBitVect object at 0x748ec9597c30>,<rdkit.DataStructs.cDataStructs.ExplicitBitVect object at 0x748ec941b5a0>,0.7088607594936709,0.8296296296296296,0.5227272727272727,0.6865671641791045
5232,CHEMBL4763967,O=C(Nc1cc2c(Nc3ccc(F)c(F)c3)ncnc2cc1OCCCN1CCOCC1)c1cc([N+](=O)[O-])ccc1F,7.494850021680094,<rdkit.Chem.rdchem.Mol object at 0x748ec97ec660>,<rdkit.DataStructs.cDataStructs.ExplicitBitVect object at 0x748ec9597d10>,<rdkit.DataStructs.cDataStructs.ExplicitBitVect object at 0x748ec941b920>,0.7088607594936709,0.8296296296296296,0.5402298850574713,0.7014925373134329
5240,CHEMBL4776057,CS(=O)(=O)c1cccc(C(=O)Nc2cc3c(Nc4ccc(F)c(Cl)c4)ncnc3cc2OCCCN2CCOCC2)c1F,7.619788758288394,<rdkit.Chem.rdchem.Mol object at 0x748ec97ec9e0>,<rdkit.DataStructs.cDataStructs.ExplicitBitVect object at 0x748ec9598120>,<rdkit.DataStructs.cDataStructs.ExplicitBitVect object at 0x748ec941c7b0>,0.7108433734939759,0.8309859154929577,0.627906976744186,0.7714285714285715
5247,CHEMBL4777554,O=C(Nc1cc2c(Nc3ccc(OCC4CC4)c(Cl)c3)ncnc2cc1OCCCN1CCOCC1)c1cc([N+](=O)[O-])ccc1F,6.133712660915805,<rdkit.Chem.rdchem.Mol object at 0x748ec97eccf0>,<rdkit.DataStructs.cDataStructs.ExplicitBitVect object at 0x748ec9598430>,<rdkit.DataStructs.cDataStructs.ExplicitBitVect object at 0x748ec941d3f0>,0.7125,0.8321167883211679,0.5368421052631579,0.6986301369863014
5264,CHEMBL4782025,O=C(Nc1cc2c(Nc3ccc(F)c(Cl)c3)ncnc2cc1OCCCN1CCOCC1)c1cc([N+](=O)[O-])ccc1Cl,8.080921907623926,<rdkit.Chem.rdchem.Mol object at 0x748ec97ed460>,<rdkit.DataStructs.cDataStructs.ExplicitBitVect object at 0x748ec9598ba0>,<rdkit.DataStructs.cDataStructs.ExplicitBitVect object at 0x748ec941f1b0>,0.7215189873417721,0.8382352941176471,0.6235294117647059,0.7681159420289855
5271,CHEMBL4784185,N#Cc1ccc(Nc2ncnc3cc(OCCCN4CCOCC4)c(NC(=O)c4cc([N+](=O)[O-])ccc4F)cc23)cc1Cl,5.648783654660658,<rdkit.Chem.rdchem.Mol object at 0x748ec97ed770>,<rdkit.DataStructs.cDataStructs.ExplicitBitVect object at 0x748ec9598eb0>,<rdkit.DataStructs.cDataStructs.ExplicitBitVect object at 0x748ec941fdf0>,0.7125,0.8321167883211679,0.5483870967741935,0.7083333333333334
5293,CHEMBL4789811,N#Cc1ccc(F)c(C(=O)Nc2cc3c(Nc4ccc(F)c(Cl)c4)ncnc3cc2OCCCN2CCOCC2)c1,8.886056647693163,<rdkit.Chem.rdchem.Mol object at 0x748ec97ee110>,<rdkit.DataStructs.cDataStructs.ExplicitBitVect object at 0x748ec9599850>,<rdkit.DataStructs.cDataStructs.ExplicitBitVect object at 0x748ec9422500>,0.8507462686567164,0.9193548387096774,0.6385542168674698,0.7794117647058824
5295,CHEMBL4790485,COCCOc1ccc(Nc2ncnc3cc(OCCCN4CCOCC4)c(NC(=O)c4cc([N+](=O)[O-])ccc4F)cc23)cc1Cl,6.334419008982048,<rdkit.Chem.rdchem.Mol object at 0x748ec97ee1f0>,<rdkit.DataStructs.cDataStructs.ExplicitBitVect object at 0x748ec9599930>,<rdkit.DataStructs.cDataStructs.ExplicitBitVect object at 0x748ec9422880>,0.7407407407407407,0.851063829787234,0.5888888888888889,0.7412587412587412
5299,CHEMBL4790655,O=C(Nc1cc2c(Nc3ccc(F)c(Cl)c3)ncnc2cc1OCCCN1CCOCC1)c1ccccc1F,8.522878745280337,<rdkit.Chem.rdchem.Mol object at 0x748ec97ee3b0>,<rdkit.DataStructs.cDataStructs.ExplicitBitVect object at 0x748ec9599af0>,<rdkit.DataStructs.cDataStructs.ExplicitBitVect object at 0x748ec9422f80>,0.8636363636363636,0.926829268292683,0.6794871794871795,0.8091603053435115
5307,CHEMBL4792426,O=C(Nc1cc2c(Nc3ccc(F)c(Cl)c3)ncnc2cc1OCCCN1CCNCC1)c1cc([N+](=O)[O-])ccc1F,8.721246399047171,<rdkit.Chem.rdchem.Mol object at 0x748ec97ee730>,<rdkit.DataStructs.cDataStructs.ExplicitBitVect object at 0x748ec9599e70>,<rdkit.DataStructs.cDataStructs.ExplicitBitVect object at 0x748ec9423d80>,0.6829268292682927,0.8115942028985508,0.5222222222222223,0.6861313868613139
5316,CHEMBL4793852,CC(=O)N1CCN(CCCOc2cc3ncnc(Nc4ccc(F)c(Cl)c4)c3cc2NC(=O)c2cc([N+](=O)[O-])ccc2F)CC1,7.853871964321762,<rdkit.Chem.rdchem.Mol object at 0x748ec97eeb20>,<rdkit.DataStructs.cDataStructs.ExplicitBitVect object at 0x748ec959a260>,<rdkit.DataStructs.cDataStructs.ExplicitBitVect object at 0x748ec9424dd0>,0.6951219512195121,0.8201438848920863,0.5274725274725275,0.6906474820143885
5395,CHEMBL4858176,COc1cc2ncnc(Nc3ccc(F)c(Cl)c3)c2cc1OCCCN1CC[Se]CC1,4.596879478824183,<rdkit.Chem.rdchem.Mol object at 0x748ec97f0e40>,<rdkit.DataStructs.cDataStructs.ExplicitBitVect object at 0x748ec959c580>,<rdkit.DataStructs.cDataStructs.ExplicitBitVect object at 0x748ec942d930>,0.9193548387096774,0.957983193277311,0.8181818181818182,0.9
5457,CHEMBL4877054,COc1cc2ncnc(Nc3ccc(F)c(Cl)c3)c2cc1OCCCCC(=O)Nc1ccc(S(N)(=O)=O)cc1,7.73754891026957,<rdkit.Chem.rdchem.Mol object at 0x748ec97f2960>,<rdkit.DataStructs.cDataStructs.ExplicitBitVect object at 0x748ec959e0a0>,<rdkit.DataStructs.cDataStructs.ExplicitBitVect object at 0x748ec94346d0>,0.5604395604395604,0.7183098591549296,0.5679012345679012,0.7244094488188977
5476,CHEMBL489306,C=CC(=O)Nc1cc2c(Cc3ccc(F)c(Cl)c3)ncnc2cc1OCCCN1CCOCC1,8.819874124835946,<rdkit.Chem.rdchem.Mol object at 0x748ec97f31b0>,<rdkit.DataStructs.cDataStructs.ExplicitBitVect object at 0x748ec959e730>,<rdkit.DataStructs.cDataStructs.ExplicitBitVect object at 0x748ec9436810>,0.835820895522388,0.9105691056910569,0.5058823529411764,0.671875
5581,CHEMBL511623,Fc1ccc(Nc2ncnc3nc(NCCN4CCOCC4)sc23)cc1Cl,6.037157318798758,<rdkit.Chem.rdchem.Mol object at 0x748ec97f6030>,<rdkit.DataStructs.cDataStructs.ExplicitBitVect object at 0x748ec95a15b0>,<rdkit.DataStructs.cDataStructs.ExplicitBitVect object at 0x748ec9442180>,0.6805555555555556,0.8099173553719008,0.5064935064935064,0.6724137931034483
5719,CHEMBL545315,C=CC(=O)Nc1cc2c(Nc3ccc(F)c(Cl)c3)ncnc2cc1OCCCN1CCOCC1.Cl.Cl,8.823908740944319,<rdkit.Chem.rdchem.Mol object at 0x748ec97f9bd0>,<rdkit.DataStructs.cDataStructs.ExplicitBitVect object at 0x748ec95a52a0>,<rdkit.DataStructs.cDataStructs.ExplicitBitVect object at 0x748ec9451540>,0.8260869565217391,0.9047619047619048,0.6883116883116883,0.8153846153846154
5735,CHEMBL55425,CCN(CC)CCCOc1cc2c(Nc3ccc(F)c(Cl)c3)ncnc2cc1OC,7.244125144327507,<rdkit.Chem.rdchem.Mol object at 0x748ec97fa2d0>,<rdkit.DataStructs.cDataStructs.ExplicitBitVect object at 0x748ec95a59a0>,<rdkit.DataStructs.cDataStructs.ExplicitBitVect object at 0x748ec9453140>,0.8615384615384616,0.9256198347107438,0.6764705882352942,0.8070175438596491
5743,CHEMBL55794,COc1cc2ncnc(Nc3ccc(F)c(Cl)c3)c2cc1OCCNC(C)C,6.508638306165727,<rdkit.Chem.rdchem.Mol object at 0x748ec97fa650>,<rdkit.DataStructs.cDataStructs.ExplicitBitVect object at 0x748ec95a5d20>,<rdkit.DataStructs.cDataStructs.ExplicitBitVect object at 0x748ec9453f40>,0.75,0.8571428571428571,0.6521739130434783,0.7894736842105263
5747,CHEMBL56027,COc1cc2ncnc(Nc3ccc(F)c(Cl)c3)c2cc1OCCNC(C)(CO)CO,7.161150909262744,<rdkit.Chem.rdchem.Mol object at 0x748ec97fa810>,<rdkit.DataStructs.cDataStructs.ExplicitBitVect object at 0x748ec95a5ee0>,<rdkit.DataStructs.cDataStructs.ExplicitBitVect object at 0x748ec94546d0>,0.7105263157894737,0.8307692307692308,0.6164383561643836,0.7627118644067796
5750,CHEMBL56142,COc1cc2ncnc(Nc3ccc(F)c(Cl)c3)c2cc1OCCN1CCCCC1,7.008773924307505,<rdkit.Chem.rdchem.Mol object at 0x748ec97fa960>,<rdkit.DataStructs.cDataStructs.ExplicitBitVect object at 0x748ec95a6030>,<rdkit.DataStructs.cDataStructs.ExplicitBitVect object at 0x748ec9454c10>,0.9666666666666667,0.9830508474576272,0.7727272727272727,0.8717948717948718
5754,CHEMBL56266,CNCC(O)COc1cc2c(Nc3ccc(F)c(Cl)c3)ncnc2cc1OC,8.301029995663981,<rdkit.Chem.rdchem.Mol object at 0x748ec97fab20>,<rdkit.DataStructs.cDataStructs.ExplicitBitVect object at 0x748ec95a61f0>,<rdkit.DataStructs.cDataStructs.ExplicitBitVect object at 0x748ec9455310>,0.7246376811594203,0.8403361344537815,0.5972222222222222,0.7478260869565218
5760,CHEMBL56502,COc1cc2ncnc(Nc3ccc(F)c(Cl)c3)c2cc1OCC(O)CN,8.221848749616356,<rdkit.Chem.rdchem.Mol object at 0x748ec97fadc0>,<rdkit.DataStructs.cDataStructs.ExplicitBitVect object at 0x748ec95a6490>,<rdkit.DataStructs.cDataStructs.ExplicitBitVect object at 0x748ec9455d90>,0.7313432835820896,0.8448275862068966,0.5972222222222222,0.7478260869565218
5761,CHEMBL56505,COc1cc2ncnc(Nc3ccc(F)c(Cl)c3)c2cc1OCCN(CCO)CCO,7.455931955649724,<rdkit.Chem.rdchem.Mol object at 0x748ec97fae30>,<rdkit.DataStructs.cDataStructs.ExplicitBitVect object at 0x748ec95a6500>,<rdkit.DataStructs.cDataStructs.ExplicitBitVect object at 0x748ec9455f50>,0.8787878787878788,0.9354838709677419,0.6338028169014085,0.7758620689655172
5773,CHEMBL56912,COCCNCCOc1cc2c(Nc3ccc(F)c(Cl)c3)ncnc2cc1OC,8.096910013008056,<rdkit.Chem.rdchem.Mol object at 0x748ec97fb370>,<rdkit.DataStructs.cDataStructs.ExplicitBitVect object at 0x748ec95a6a40>,<rdkit.DataStructs.cDataStructs.ExplicitBitVect object at 0x748ec9457450>,0.8333333333333334,0.9090909090909091,0.6617647058823529,0.7964601769911505
5774,CHEMBL56936,COc1cc2ncnc(Nc3ccc(F)c(Cl)c3)c2cc1OCCNCCN(C)C,8.698970004336019,<rdkit.Chem.rdchem.Mol object at 0x748ec97fb3e0>,<rdkit.DataStructs.cDataStructs.ExplicitBitVect object at 0x748ec95a6ab0>,<rdkit.DataStructs.cDataStructs.ExplicitBitVect object at 0x748ec9457610>,0.8260869565217391,0.9047619047619048,0.625,0.7692307692307693
5798,CHEMBL57758,COc1cc2ncnc(Nc3ccc(F)c(Cl)c3)c2cc1OCCN1CCCC1,7.060480747381382,<rdkit.Chem.rdchem.Mol object at 0x748ec97fbe60>,<rdkit.DataStructs.cDataStructs.ExplicitBitVect object at 0x748ec95a7530>,<rdkit.DataStructs.cDataStructs.ExplicitBitVect object at 0x748ec945a0a0>,0.9354838709677419,0.9666666666666667,0.7846153846153846,0.8793103448275862
5799,CHEMBL57759,COc1cc2ncnc(Nc3ccc(F)c(Cl)c3)c2cc1OCCN(C)C,8.154901959985743,<rdkit.Chem.rdchem.Mol object at 0x748ec97fbed0>,<rdkit.DataStructs.cDataStructs.ExplicitBitVect object at 0x748ec95a75a0>,<rdkit.DataStructs.cDataStructs.ExplicitBitVect object at 0x748ec945a260>,0.8461538461538461,0.9166666666666666,0.6716417910447762,0.8035714285714286
5802,CHEMBL57892,COc1cc2ncnc(Nc3ccc(F)c(Cl)c3)c2cc1OCCNC(C)(C)C,7.0,<rdkit.Chem.rdchem.Mol object at 0x748ec97fc0b0>,<rdkit.DataStructs.cDataStructs.ExplicitBitVect object at 0x748ec95a76f0>,<rdkit.DataStructs.cDataStructs.ExplicitBitVect object at 0x748ec945a7a0>,0.7285714285714285,0.8429752066115702,0.6521739130434783,0.7894736842105263
5803,CHEMBL57990,COc1cc2ncnc(Nc3ccc(F)c(Cl)c3)c2cc1OCCCN(C)C,7.309803919971486,<rdkit.Chem.rdchem.Mol object at 0x748ec97fc120>,<rdkit.DataStructs.cDataStructs.ExplicitBitVect object at 0x748ec95a7760>,<rdkit.DataStructs.cDataStructs.ExplicitBitVect object at 0x748ec945a960>,0.8181818181818182,0.9,0.6865671641791045,0.8141592920353983
5830,CHEMBL589826,C=CCCCCOc1cc2c(Nc3ccc(F)c(Cl)c3)ncnc2cc1OC,7.486782399932061,<rdkit.Chem.rdchem.Mol object at 0x748ec97fccf0>,<rdkit.DataStructs.cDataStructs.ExplicitBitVect object at 0x748ec95a83c0>,<rdkit.DataStructs.cDataStructs.ExplicitBitVect object at 0x748ec945d930>,0.7741935483870968,0.8727272727272727,0.6666666666666666,0.8
5840,CHEMBL590558,C#CCCCCCOc1cc2c(Nc3ccc(F)c(Cl)c3)ncnc2cc1OC,7.485452247339714,<rdkit.Chem.rdchem.Mol object at 0x748ec97fd150>,<rdkit.DataStructs.cDataStructs.ExplicitBitVect object at 0x748ec95a8820>,<rdkit.DataStructs.cDataStructs.ExplicitBitVect object at 0x748ec945eab0>,0.8032786885245902,0.8909090909090909,0.6571428571428571,0.7931034482758621
5850,CHEMBL591038,C=C=CCCCOc1cc2c(Nc3ccc(F)c(Cl)c3)ncnc2cc1O,8.500312917381596,<rdkit.Chem.rdchem.Mol object at 0x748ec97fd5b0>,<rdkit.DataStructs.cDataStructs.ExplicitBitVect object at 0x748ec95a8c80>,<rdkit.DataStructs.cDataStructs.ExplicitBitVect object at 0x748ec945fc30>,0.6923076923076923,0.8181818181818182,0.5064935064935064,0.6724137931034483
5851,CHEMBL591039,C#CCCCCOc1cc2c(Nc3ccc(F)c(Cl)c3)ncnc2cc1OC,7.059981844992337,<rdkit.Chem.rdchem.Mol object at 0x748ec97fd620>,<rdkit.DataStructs.cDataStructs.ExplicitBitVect object at 0x748ec95a8cf0>,<rdkit.DataStructs.cDataStructs.ExplicitBitVect object at 0x748ec945fdf0>,0.7868852459016393,0.8807339449541285,0.6666666666666666,0.8
5875,CHEMBL592216,C#CCCCOc1cc2c(Nc3ccc(F)c(Cl)c3)ncnc2cc1OC,8.596879478824182,<rdkit.Chem.rdchem.Mol object at 0x748ec97fe0a0>,<rdkit.DataStructs.cDataStructs.ExplicitBitVect object at 0x748ec95a9770>,<rdkit.DataStructs.cDataStructs.ExplicitBitVect object at 0x748ec9462880>,0.7704918032786885,0.8703703703703703,0.6764705882352942,0.8070175438596491
5889,CHEMBL592713,C#CCCCOc1cc2c(Nc3cccc(Cl)c3)ncnc2cc1OC,7.752026733638194,<rdkit.Chem.rdchem.Mol object at 0x748ec97fe6c0>,<rdkit.DataStructs.cDataStructs.ExplicitBitVect object at 0x748ec95a9d90>,<rdkit.DataStructs.cDataStructs.ExplicitBitVect object at 0x748ec9464190>,0.7540983606557377,0.8598130841121495,0.5135135135135135,0.6785714285714286
5890,CHEMBL593274,COc1cc2c(Nc3ccc(-c4nc5ccccc5s4)c(Cl)c3)ncnc2cc1OCCCN1CCN(C)CC1,7.795880017344075,<rdkit.Chem.rdchem.Mol object at 0x748ec97fe730>,<rdkit.DataStructs.cDataStructs.ExplicitBitVect object at 0x748ec95a9e00>,<rdkit.DataStructs.cDataStructs.ExplicitBitVect object at 0x748ec9464350>,0.7887323943661971,0.8818897637795275,0.5853658536585366,0.7384615384615385
5891,CHEMBL593275,COc1cc2c(Nc3ccc(-c4nc5ccc(Cl)cc5s4)cc3)ncnc2cc1OCCCN1CCN(C)CC1,6.585026652029182,<rdkit.Chem.rdchem.Mol object at 0x748ec97fe7a0>,<rdkit.DataStructs.cDataStructs.ExplicitBitVect object at 0x748ec95a9e70>,<rdkit.DataStructs.cDataStructs.ExplicitBitVect object at 0x748ec9464510>,0.7887323943661971,0.8818897637795275,0.5609756097560976,0.71875
5892,CHEMBL593292,COc1cc2ncnc(Nc3ccc(-c4nc5ccccc5s4)cc3)c2cc1OCCCN1CCN(C)CC1,6.173925197299174,<rdkit.Chem.rdchem.Mol object at 0x748ec97fe810>,<rdkit.DataStructs.cDataStructs.ExplicitBitVect object at 0x748ec95a9ee0>,<rdkit.DataStructs.cDataStructs.ExplicitBitVect object at 0x748ec94646d0>,0.7323943661971831,0.8455284552845529,0.524390243902439,0.688
5895,CHEMBL593306,COc1ccc2nc(-c3ccc(Nc4ncnc5cc(OCCCN6CCN(C)CC6)c(OC)cc45)cc3)sc2c1,6.698970004336019,<rdkit.Chem.rdchem.Mol object at 0x748ec97fe960>,<rdkit.DataStructs.cDataStructs.ExplicitBitVect object at 0x748ec95aa030>,<rdkit.DataStructs.cDataStructs.ExplicitBitVect object at 0x748ec9464c10>,0.7361111111111112,0.848,0.5119047619047619,0.6771653543307087
5896,CHEMBL593760,COc1cc2ncnc(Nc3ccc(-c4nc5ccccc5s4)c(F)c3)c2cc1OCCCN1CCN(C)CC1,5.638272163982407,<rdkit.Chem.rdchem.Mol object at 0x748ec97fe9d0>,<rdkit.DataStructs.cDataStructs.ExplicitBitVect object at 0x748ec95aa0a0>,<rdkit.DataStructs.cDataStructs.ExplicitBitVect object at 0x748ec9464dd0>,0.7887323943661971,0.8818897637795275,0.5662650602409639,0.7230769230769231
5898,CHEMBL593860,COc1cc2c(Nc3ccc(-c4nc5ccccc5s4)c(OC)c3)ncnc2cc1OCCCN1CCN(C)CC1,8.698970004336019,<rdkit.Chem.rdchem.Mol object at 0x748ec97feab0>,<rdkit.DataStructs.cDataStructs.ExplicitBitVect object at 0x748ec95aa180>,<rdkit.DataStructs.cDataStructs.ExplicitBitVect object at 0x748ec9465150>,0.7361111111111112,0.848,0.5301204819277109,0.6929133858267716
5899,CHEMBL593909,COc1cc2c(Nc3ccc(-c4nc5ccc(Cl)cc5s4)cc3F)ncnc2cc1OCCCN1CCN(C)CC1,5.2076083105017466,<rdkit.Chem.rdchem.Mol object at 0x748ec97feb20>,<rdkit.DataStructs.cDataStructs.ExplicitBitVect object at 0x748ec95aa1f0>,<rdkit.DataStructs.cDataStructs.ExplicitBitVect object at 0x748ec9465310>,0.8028169014084507,0.890625,0.5287356321839081,0.6917293233082706
5900,CHEMBL593911,COc1cc2ncnc(Nc3ccc(-c4nc5ccccc5s4)c(OC)c3)c2cc1OCCCN1CCN(C)CC1,7.823908740944319,<rdkit.Chem.rdchem.Mol object at 0x748ec97feb90>,<rdkit.DataStructs.cDataStructs.ExplicitBitVect object at 0x748ec95aa260>,<rdkit.DataStructs.cDataStructs.ExplicitBitVect object at 0x748ec94654d0>,0.7361111111111112,0.848,0.5301204819277109,0.6929133858267716
5901,CHEMBL593987,COc1cc2c(Nc3ccc(-c4nc5ccccc5s4)c(F)c3)ncnc2cc1OCCCN1CCN(C)CC1,6.366531544420414,<rdkit.Chem.rdchem.Mol object at 0x748ec97fec00>,<rdkit.DataStructs.cDataStructs.ExplicitBitVect object at 0x748ec95aa2d0>,<rdkit.DataStructs.cDataStructs.ExplicitBitVect object at 0x748ec9465690>,0.7887323943661971,0.8818897637795275,0.5662650602409639,0.7230769230769231
5910,CHEMBL595615,COc1cc2c(Nc3ccc(-c4nc5ccccc5s4)cc3)ncnc2cc1OCCCN1CCN(C)CC1,7.337242168318426,<rdkit.Chem.rdchem.Mol object at 0x748ec97feff0>,<rdkit.DataStructs.cDataStructs.ExplicitBitVect object at 0x748ec95aa6c0>,<rdkit.DataStructs.cDataStructs.ExplicitBitVect object at 0x748ec9466650>,0.7323943661971831,0.8455284552845529,0.524390243902439,0.688
5913,CHEMBL596087,COc1cc2c(Nc3ccc(-c4nc5ccccc5s4)c(C)c3)ncnc2cc1OCCCN1CCN(C)CC1,7.494850021680094,<rdkit.Chem.rdchem.Mol object at 0x748ec97ff140>,<rdkit.DataStructs.cDataStructs.ExplicitBitVect object at 0x748ec95aa810>,<rdkit.DataStructs.cDataStructs.ExplicitBitVect object at 0x748ec9466b90>,0.7222222222222222,0.8387096774193549,0.5176470588235295,0.6821705426356589
5914,CHEMBL596736,COc1cc2ncnc(Nc3ccc(F)c(Cl)c3)c2cc1OCCCCC(=O)NO,8.0268721464003,<rdkit.Chem.rdchem.Mol object at 0x748ec97ff1b0>,<rdkit.DataStructs.cDataStructs.ExplicitBitVect object at 0x748ec95aa880>,<rdkit.DataStructs.cDataStructs.ExplicitBitVect object at 0x748ec9466d50>,0.6493506493506493,0.7874015748031497,0.6388888888888888,0.7796610169491526
5926,CHEMBL597551,COc1cc2ncnc(Nc3ccc(F)c(Cl)c3)c2cc1OCCC(=O)NO,8.148741651280925,<rdkit.Chem.rdchem.Mol object at 0x748ec97ff6f0>,<rdkit.DataStructs.cDataStructs.ExplicitBitVect object at 0x748ec95aadc0>,<rdkit.DataStructs.cDataStructs.ExplicitBitVect object at 0x748ec94682e0>,0.6282051282051282,0.7716535433070866,0.6338028169014085,0.7758620689655172
5927,CHEMBL597569,COCCOc1cc2ncnc(Nc3ccc(F)c(Cl)c3)c2cc1OCCCCCCC(=O)NO,7.982966660701219,<rdkit.Chem.rdchem.Mol object at 0x748ec97ff760>,<rdkit.DataStructs.cDataStructs.ExplicitBitVect object at 0x748ec95aae30>,<rdkit.DataStructs.cDataStructs.ExplicitBitVect object at 0x748ec94684a0>,0.6708860759493671,0.803030303030303,0.5584415584415584,0.7166666666666667
5929,CHEMBL597752,COc1cc2ncnc(Nc3ccc(F)c(Cl)c3)c2cc1OCCCC(=O)NO,8.10790539730952,<rdkit.Chem.rdchem.Mol object at 0x748ec97ff840>,<rdkit.DataStructs.cDataStructs.ExplicitBitVect object at 0x748ec95aaf10>,<rdkit.DataStructs.cDataStructs.ExplicitBitVect object at 0x748ec9468820>,0.6363636363636364,0.7777777777777778,0.647887323943662,0.7863247863247863
5930,CHEMBL597773,COc1cc2ncnc(Nc3ccc(F)c(Cl)c3)c2cc1NC(=O)CCCCCCC(=O)NO,8.67778070526608,<rdkit.Chem.rdchem.Mol object at 0x748ec97ff8b0>,<rdkit.DataStructs.cDataStructs.ExplicitBitVect object at 0x748ec95aaf80>,<rdkit.DataStructs.cDataStructs.ExplicitBitVect object at 0x748ec94689e0>,0.6410256410256411,0.78125,0.5189873417721519,0.6833333333333333
5933,CHEMBL597949,C#CCOc1cc2c(Nc3ccc(F)c(Cl)c3)ncnc2cc1OC,7.829738284605042,<rdkit.Chem.rdchem.Mol object at 0x748ec97ffa00>,<rdkit.DataStructs.cDataStructs.ExplicitBitVect object at 0x748ec95ab0d0>,<rdkit.DataStructs.cDataStructs.ExplicitBitVect object at 0x748ec9468f20>,0.7213114754098361,0.8380952380952381,0.6323529411764706,0.7747747747747747
5937,CHEMBL598163,COc1cc2ncnc(Nc3ccc(F)c(Cl)c3)c2cc1OCCCCCC(=O)NO,8.468521082957745,<rdkit.Chem.rdchem.Mol object at 0x748ec97ffbc0>,<rdkit.DataStructs.cDataStructs.ExplicitBitVect object at 0x748ec95ab290>,<rdkit.DataStructs.cDataStructs.ExplicitBitVect object at 0x748ec9469620>,0.6623376623376623,0.796875,0.6301369863013698,0.773109243697479
5942,CHEMBL598377,COc1cc2ncnc(Nc3ccc(F)c(Cl)c3)c2cc1OCCCCCCC(=O)NO,8.508638306165727,<rdkit.Chem.rdchem.Mol object at 0x748ec97ffdf0>,<rdkit.DataStructs.cDataStructs.ExplicitBitVect object at 0x748ec95ab4c0>,<rdkit.DataStructs.cDataStructs.ExplicitBitVect object at 0x748ec9469ee0>,0.6623376623376623,0.796875,0.6301369863013698,0.773109243697479
5946,CHEMBL598610,COc1cc2c(Nc3ccc(F)c(Cl)c3)ncnc2cc1OCCCCCCC(=O)NO,8.154901959985743,<rdkit.Chem.rdchem.Mol object at 0x748ec94fc040>,<rdkit.DataStructs.cDataStructs.ExplicitBitVect object at 0x748ec95ab680>,<rdkit.DataStructs.cDataStructs.ExplicitBitVect object at 0x748ec946a5e0>,0.6623376623376623,0.796875,0.6301369863013698,0.773109243697479
5972,CHEMBL604485,COc1cc2ncnc(Nc3ccc(-c4nc5ccccc5s4)c(O)c3)c2cc1OCCCN1CCN(C)CC1,5.481486060122113,<rdkit.Chem.rdchem.Mol object at 0x748ec94fcba0>,<rdkit.DataStructs.cDataStructs.ExplicitBitVect object at 0x748ec95ac270>,<rdkit.DataStructs.cDataStructs.ExplicitBitVect object at 0x748ec946d3f0>,0.7162162162162162,0.8346456692913385,0.5176470588235295,0.6821705426356589
5978,CHEMBL604893,COc1cc2ncnc(Nc3ccc(-c4nc5ccccc5s4)c(Cl)c3)c2cc1OCCCN1CCN(C)CC1,7.356547323513813,<rdkit.Chem.rdchem.Mol object at 0x748ec94fce40>,<rdkit.DataStructs.cDataStructs.ExplicitBitVect object at 0x748ec95ac510>,<rdkit.DataStructs.cDataStructs.ExplicitBitVect object at 0x748ec946de70>,0.7887323943661971,0.8818897637795275,0.5853658536585366,0.7384615384615385
5980,CHEMBL604992,COc1cc2c(Nc3ccc(-c4nc5ccc(F)cc5s4)cc3)ncnc2cc1OCCCN1CCN(C)CC1,6.136677139879545,<rdkit.Chem.rdchem.Mol object at 0x748ec94fcf20>,<rdkit.DataStructs.cDataStructs.ExplicitBitVect object at 0x748ec95ac5f0>,<rdkit.DataStructs.cDataStructs.ExplicitBitVect object at 0x748ec946e1f0>,0.7887323943661971,0.8818897637795275,0.5421686746987951,0.703125
5988,CHEMBL606466,COc1cc2c(Nc3ccc(-c4nc5ccccc5s4)c(O)c3)ncnc2cc1OCCCN1CCN(C)CC1,6.958607314841775,<rdkit.Chem.rdchem.Mol object at 0x748ec94fd2a0>,<rdkit.DataStructs.cDataStructs.ExplicitBitVect object at 0x748ec95ac970>,<rdkit.DataStructs.cDataStructs.ExplicitBitVect object at 0x748ec946eff0>,0.7162162162162162,0.8346456692913385,0.5176470588235295,0.6821705426356589
5991,CHEMBL60826,COc1cc2ncnc(Nc3ccc(F)c(Cl)c3)c2cc1OCC(O)Cn1ccnc1,8.096910013008056,<rdkit.Chem.rdchem.Mol object at 0x748ec94fd3f0>,<rdkit.DataStructs.cDataStructs.ExplicitBitVect object at 0x748ec95acac0>,<rdkit.DataStructs.cDataStructs.ExplicitBitVect object at 0x748ec946f530>,0.803030303030303,0.8907563025210085,0.5569620253164557,0.7154471544715447
5992,CHEMBL608860,CCCCCCOc1cc2c(Nc3ccc(F)c(Cl)c3)ncnc2cc1OC,6.974694134735231,<rdkit.Chem.rdchem.Mol object at 0x748ec94fd460>,<rdkit.DataStructs.cDataStructs.ExplicitBitVect object at 0x748ec95acb30>,<rdkit.DataStructs.cDataStructs.ExplicitBitVect object at 0x748ec946f6f0>,0.7538461538461538,0.8596491228070176,0.7076923076923077,0.8288288288288288
6008,CHEMBL65250,C#Cc1cc(Nc2ncnc3cc(OC)c(OC)cc23)ccc1F,8.397940008672037,<rdkit.Chem.rdchem.Mol object at 0x748ec94fdb60>,<rdkit.DataStructs.cDataStructs.ExplicitBitVect object at 0x748ec95ad230>,<rdkit.DataStructs.cDataStructs.ExplicitBitVect object at 0x748ec9471380>,0.6451612903225806,0.7843137254901961,0.5072463768115942,0.6730769230769231
6191,CHEMBL939,COc1cc2ncnc(Nc3ccc(F)c(Cl)c3)c2cc1OCCCN1CCOCC1,6.288192770958809,<rdkit.Chem.rdchem.Mol object at 0x748ec9502c00>,<rdkit.DataStructs.cDataStructs.ExplicitBitVect object at 0x748ec95b22d0>,<rdkit.DataStructs.cDataStructs.ExplicitBitVect object at 0x748ec9485690>,1.0,1.0,1.0,1.0
6206,CHEMBL95774,C=CC(=O)Nc1cc2c(Nc3ccc(F)c(Cl)c3)c(C#N)cnc2cc1OCCCN1CCOCC1,7.096910013008056,<rdkit.Chem.rdchem.Mol object at 0x748ec9503290>,<rdkit.DataStructs.cDataStructs.ExplicitBitVect object at 0x748ec95b2960>,<rdkit.DataStructs.cDataStructs.ExplicitBitVect object at 0x748ec94870d0>,0.7971014492753623,0.8870967741935484,0.5056179775280899,0.6716417910447762
6212,CHEMBL99024,COc1cc2ncc(C#N)c(Nc3ccc(F)c(Cl)c3)c2cc1OCCCN1CCOCC1,5.982966660701219,<rdkit.Chem.rdchem.Mol object at 0x748ec9503530>,<rdkit.DataStructs.cDataStructs.ExplicitBitVect object at 0x748ec95b2c00>,<rdkit.DataStructs.cDataStructs.ExplicitBitVect object at 0x748ec9487b50>,0.9508196721311475,0.9747899159663865,0.7123287671232876,0.832
